,Name,Database_ID
0,ARF5,ENSP00000000233
1,M6PR,ENSP00000000412
2,FKBP4,ENSP00000001008
3,NDUFAF7,ENSP00000002125
4,FUCA2,ENSP00000002165
5,CYP51A1,ENSP00000003100
6,HSPB6,ENSP00000004982
7,USH1C,ENSP00000005226
8,RALA,ENSP00000005257
9,BAIAP2L1,ENSP00000005260
10,RPAP3,ENSP00000005386
11,CEACAM7,ENSP00000006724
12,RHBDD2,ENSP00000006777
13,NDUFAB1,ENSP00000007516
14,CD9,ENSP00000009180
15,CD74,ENSP00000009530
16,RPS20,ENSP00000009589
17,MGST1,ENSP00000010404
18,RANBP9,ENSP00000011619
19,TSPAN9,ENSP00000011898
20,QPCTL,ENSP00000012049
21,PPP5C,ENSP00000012443
22,NME1,ENSP00000013034
23,UBR7,ENSP00000013070
24,PTBP1,ENSP00000014112
25,GPRC5A,ENSP00000014914
26,HEBP1,ENSP00000014930
27,RALBP1,ENSP00000019317
28,VDAC3,ENSP00000022615
29,CDH17,ENSP00000027335
30,GABARAPL2,ENSP00000037243
31,FAM136A,ENSP00000037869
32,MRI1,ENSP00000040663
33,BOD1L1,ENSP00000040738
34,PSMA4,ENSP00000044462
35,LCP2,ENSP00000046794
36,GOPC,ENSP00000052569
37,DCN,ENSP00000052754
38,MRPS10,ENSP00000053468
39,GRN,ENSP00000053867
40,VAMP3,ENSP00000054666
41,RCN1,ENSP00000054950
42,RFC2,ENSP00000055077
43,GNA11,ENSP00000078429
44,MRPS35,ENSP00000081029
45,HDHD5,ENSP00000155674
46,GPKOW,ENSP00000156109
47,AQR,ENSP00000156471
48,ST6GALNAC1,ENSP00000156626
49,LMCD1,ENSP00000157600
50,PSMC4,ENSP00000157812
51,ICAM3,ENSP00000160262
52,CAMSAP3,ENSP00000160298
53,CEACAM1,ENSP00000161559
54,GOLGA5,ENSP00000163416
55,PYGM,ENSP00000164139
56,KRT20,ENSP00000167588
57,HSD17B10,ENSP00000168216
58,ST6GAL1,ENSP00000169298
59,TIMM21,ENSP00000169551
60,MKRN2,ENSP00000170447
61,KEAP1,ENSP00000171111
62,ISOC1,ENSP00000173527
63,ASNS,ENSP00000175506
64,ALDH3A2,ENSP00000176643
65,STK10,ENSP00000176763
66,CA12,ENSP00000178638
67,TIGAR,ENSP00000179259
68,CPB2,ENSP00000181383
69,NDUFB4,ENSP00000184266
70,ERLEC1,ENSP00000185150
71,CLIC5,ENSP00000185206
72,SLC25A3,ENSP00000188376
73,FAP,ENSP00000188790
74,CTSA,ENSP00000191018
75,GAL3ST2,ENSP00000192314
76,PLOD1,ENSP00000196061
77,OXCT1,ENSP00000196371
78,RPS5,ENSP00000196551
79,DIMT1,ENSP00000199320
80,MRPL28,ENSP00000199706
81,RBM22,ENSP00000199814
82,HSD17B2,ENSP00000199936
83,ZW10,ENSP00000200135
84,TRIP6,ENSP00000200457
85,LAMP2,ENSP00000200639
86,RPL6,ENSP00000202773
87,OAS1,ENSP00000202917
88,TRMT6,ENSP00000203001
89,UQCRC1,ENSP00000203407
90,GMIP,ENSP00000203556
91,MLF2,ENSP00000203630
92,ARHGAP4,ENSP00000203786
93,SPG21,ENSP00000204566
94,GOLGA3,ENSP00000204726
95,EFNB1,ENSP00000204961
96,GLG1,ENSP00000205061
97,DLD,ENSP00000205402
98,APOH,ENSP00000205948
99,SPAG7,ENSP00000206020
100,PSME1,ENSP00000206451
101,OSGEP,ENSP00000206542
102,UNC13D,ENSP00000207549
103,AAAS,ENSP00000209873
104,CBX5,ENSP00000209875
105,PSMD5,ENSP00000210313
106,NANS,ENSP00000210444
107,MAPK13,ENSP00000211287
108,BAG6,ENSP00000211379
109,VCL,ENSP00000211998
110,TMED1,ENSP00000214869
111,PSMD8,ENSP00000215071
112,ATP5F1D,ENSP00000215375
113,IGFALS,ENSP00000215539
114,NDUFB7,ENSP00000215565
115,TECR,ENSP00000215567
116,TIMM13,ENSP00000215570
117,CDC34,ENSP00000215574
118,MISP,ENSP00000215582
119,SERPIND1,ENSP00000215727
120,SNAP29,ENSP00000215730
121,MIF,ENSP00000215754
122,SF3A1,ENSP00000215793
123,SNRPD3,ENSP00000215829
124,MAPK1,ENSP00000215832
125,SLC25A1,ENSP00000215882
126,LGALS1,ENSP00000215909
127,MICALL1,ENSP00000215957
128,KDELR3,ENSP00000216014
129,TOMM22,ENSP00000216034
130,RTCB,ENSP00000216038
131,GTPBP1,ENSP00000216044
132,PPP6R2,ENSP00000216061
133,LMF2,ENSP00000216080
134,HMOX1,ENSP00000216117
135,NIPSNAP1,ENSP00000216121
136,MCM5,ENSP00000216122
137,TTLL12,ENSP00000216129
138,TXN2,ENSP00000216185
139,EIF3D,ENSP00000216190
140,ST13,ENSP00000216218
141,RBX1,ENSP00000216225
142,PHF5A,ENSP00000216252
143,ACO2,ENSP00000216254
144,RIPK3,ENSP00000216274
145,PAPOLA,ENSP00000216277
146,HSP90AA1,ENSP00000216281
147,NID2,ENSP00000216286
148,SUPT16H,ENSP00000216297
149,FKBP3,ENSP00000216330
150,PYGL,ENSP00000216392
151,GNPNAT1,ENSP00000216410
152,ATP6V1D,ENSP00000216442
153,PSMA3,ENSP00000216455
154,AHSA1,ENSP00000216479
155,SPTLC2,ENSP00000216484
156,CHGA,ENSP00000216492
157,DHRS7,ENSP00000216500
158,EIF5,ENSP00000216554
159,VRK1,ENSP00000216639
160,APEX1,ENSP00000216714
161,SRP54,ENSP00000216774
162,PCK2,ENSP00000216780
163,PSME2,ENSP00000216802
164,PNN,ENSP00000216832
165,RABGGTA,ENSP00000216840
166,PTPRA,ENSP00000216877
167,NSFL1C,ENSP00000216879
168,PYGB,ENSP00000216962
169,PROCR,ENSP00000216968
170,CSTF1,ENSP00000217109
171,TPD52L2,ENSP00000217121
172,CTSZ,ENSP00000217131
173,C20orf27,ENSP00000217195
174,CSNK2A1,ENSP00000217244
175,FERMT1,ENSP00000217289
176,CHMP4B,ENSP00000217402
177,LBP,ENSP00000217407
178,AHCY,ENSP00000217426
179,ACOT8,ENSP00000217455
180,APMAP,ENSP00000217456
181,TXNL1,ENSP00000217515
182,IDH3G,ENSP00000217901
183,MXRA5,ENSP00000217939
184,PSMD10,ENSP00000217958
185,PGRMC1,ENSP00000217971
186,WDR13,ENSP00000218056
187,STAG2,ENSP00000218089
188,F9,ENSP00000218099
189,PQBP1,ENSP00000218224
190,RP2,ENSP00000218340
191,HTATSF1,ENSP00000218364
192,TIMP1,ENSP00000218388
193,MAGED2,ENSP00000218439
194,GLA,ENSP00000218516
195,OLFM4,ENSP00000219022
196,MMP2,ENSP00000219070
197,CORO1A,ENSP00000219150
198,NUTF2,ENSP00000219169
199,DHODH,ENSP00000219240
200,POLR2C,ENSP00000219252
201,NME3,ENSP00000219302
202,PSMD7,ENSP00000219313
203,CMC2,ENSP00000219400
204,MPG,ENSP00000219431
205,USP10,ENSP00000219473
206,DECR2,ENSP00000219481
207,STUB1,ENSP00000219548
208,HMOX2,ENSP00000219700
209,CDIPT,ENSP00000219789
210,BCKDK,ENSP00000219794
211,CSK,ENSP00000220003
212,CTSH,ENSP00000220166
213,EHD4,ENSP00000220325
214,DNAJC17,ENSP00000220496
215,VPS18,ENSP00000220509
216,FDFT1,ENSP00000220584
217,AGO2,ENSP00000220592
218,PAG1,ENSP00000220597
219,DECR1,ENSP00000220764
220,GDAP1,ENSP00000220822
221,EIF3E,ENSP00000220849
222,EMC2,ENSP00000220853
223,UBR5,ENSP00000220959
224,DCTN6,ENSP00000221114
225,GSR,ENSP00000221130
226,PPP2CB,ENSP00000221138
227,CNOT3,ENSP00000221232
228,EXOSC5,ENSP00000221233
229,PNPLA6,ENSP00000221249
230,PAF1,ENSP00000221265
231,STXBP2,ENSP00000221283
232,ECH1,ENSP00000221418
233,HNRNPL,ENSP00000221419
234,SARS2,ENSP00000221431
235,FCGRT,ENSP00000221466
236,SF3A2,ENSP00000221494
237,TBC1D17,ENSP00000221543
238,SGTA,ENSP00000221566
239,FBL,ENSP00000221801
240,CLC,ENSP00000221804
241,TBCB,ENSP00000221855
242,DMAC2,ENSP00000221943
243,PLIN3,ENSP00000221957
244,CEACAM5,ENSP00000221992
245,CDC37,ENSP00000222005
246,RAB3D,ENSP00000222120
247,GCDH,ENSP00000222214
248,DNASE2,ENSP00000222219
249,RPL18A,ENSP00000222247
250,FKBP8,ENSP00000222308
251,GSK3A,ENSP00000222330
252,PON1,ENSP00000222381
253,LAMB1,ENSP00000222399
254,GTPBP10,ENSP00000222511
255,NAMPT,ENSP00000222553
256,OGDH,ENSP00000222673
257,CAV2,ENSP00000222693
258,ABHD11,ENSP00000222800
259,PDAP1,ENSP00000222968
260,BUD31,ENSP00000222969
261,SNX8,ENSP00000222990
262,WASL,ENSP00000223023
263,AIMP2,ENSP00000223029
264,PCOLCE,ENSP00000223061
265,RBM28,ENSP00000223073
266,PLOD3,ENSP00000223127
267,RPA3,ENSP00000223129
268,FIS1,ENSP00000223136
269,NRF1,ENSP00000223190
270,RARRES2,ENSP00000223271
271,AEBP1,ENSP00000223357
272,YKT6,ENSP00000223369
273,CLIP2,ENSP00000223398
274,PTGS1,ENSP00000223423
275,CHMP5,ENSP00000223500
276,SEC61B,ENSP00000223641
277,PLGRKT,ENSP00000223864
278,EDF1,ENSP00000224073
279,VIM,ENSP00000224237
280,ACTA2,ENSP00000224784
281,PITRM1,ENSP00000224949
282,PPIF,ENSP00000225174
283,MPO,ENSP00000225275
284,UTP18,ENSP00000225298
285,EPX,ENSP00000225371
286,NUFIP2,ENSP00000225388
287,GIT1,ENSP00000225394
288,RPL19,ENSP00000225430
289,TAX1BP3,ENSP00000225525
290,CBX1,ENSP00000225603
291,GALK1,ENSP00000225614
292,PFN1,ENSP00000225655
293,SLC25A11,ENSP00000225665
294,C1QBP,ENSP00000225698
295,CPD,ENSP00000225719
296,GOSR1,ENSP00000225724
297,CCDC47,ENSP00000225726
298,DRG2,ENSP00000225729
299,SYNGR2,ENSP00000225777
300,DDX5,ENSP00000225792
301,NAGLU,ENSP00000225927
302,ABI3,ENSP00000225941
303,COL1A1,ENSP00000225964
304,MRPL27,ENSP00000225969
305,LRRC59,ENSP00000225972
306,DUSP3,ENSP00000226004
307,VTN,ENSP00000226218
308,ALDOC,ENSP00000226253
309,CD38,ENSP00000226279
310,LAP3,ENSP00000226299
311,AFM,ENSP00000226355
312,NFKB1,ENSP00000226574
313,WFS1,ENSP00000226760
314,GAR1,ENSP00000226796
315,FRG1,ENSP00000226798
316,CRYAB,ENSP00000227251
317,CTSC,ENSP00000227266
318,ZPR1,ENSP00000227322
319,HSPA8,ENSP00000227378
320,CCDC86,ENSP00000227520
321,PRPF19,ENSP00000227524
322,TMEM109,ENSP00000227525
323,APOC3,ENSP00000227667
324,PDHX,ENSP00000227868
325,C11orf58,ENSP00000228136
326,YBX3,ENSP00000228251
327,POLR3B,ENSP00000228347
328,MLEC,ENSP00000228506
329,MVK,ENSP00000228510
330,LTA4H,ENSP00000228740
331,ARPC3,ENSP00000228825
332,CDKN1B,ENSP00000228872
333,OAS3,ENSP00000228928
334,MGP,ENSP00000228938
335,ARHGDIB,ENSP00000228945
336,NUP107,ENSP00000229179
337,CNOT2,ENSP00000229195
338,KRR1,ENSP00000229214
339,MRPL51,ENSP00000229238
340,GAPDH,ENSP00000229239
341,COPS7A,ENSP00000229251
342,TPI1,ENSP00000229270
343,ENO2,ENSP00000229277
344,LDHB,ENSP00000229319
345,PRKAB1,ENSP00000229328
346,CMAS,ENSP00000229329
347,RAB35,ENSP00000229340
348,COX6A1,ENSP00000229379
349,SRSF9,ENSP00000229390
350,NFYA,ENSP00000229418
351,TMEM14C,ENSP00000229563
352,ASF1A,ENSP00000229595
353,HINT3,ENSP00000229633
354,MAPK14,ENSP00000229794
355,STK38,ENSP00000229812
356,CAP2,ENSP00000229922
357,ACOT13,ENSP00000230048
358,RPS12,ENSP00000230050
359,SNX3,ENSP00000230085
360,BYSL,ENSP00000230340
361,PTK7,ENSP00000230419
362,DNPH1,ENSP00000230431
363,EXOC2,ENSP00000230449
364,TMEM30A,ENSP00000230461
365,MEP1A,ENSP00000230588
366,MTREX,ENSP00000230640
367,CD74,ENSP00000230685
368,HARS2,ENSP00000230771
369,DAP,ENSP00000230895
370,SPARC,ENSP00000231061
371,THG1L,ENSP00000231198
372,TTC1,ENSP00000231238
373,LNPEP,ENSP00000231368
374,SKP1,ENSP00000231487
375,NUP155,ENSP00000231498
376,TRAPPC13,ENSP00000231526
377,RARS1,ENSP00000231572
378,EHHADH,ENSP00000231887
379,CRBN,ENSP00000231948
380,HRG,ENSP00000232003
381,GNB4,ENSP00000232564
382,UMPS,ENSP00000232607
383,RRP9,ENSP00000232888
384,WDFY1,ENSP00000233055
385,EIF2AK2,ENSP00000233057
386,CPS1,ENSP00000233072
387,DDX1,ENSP00000233084
388,HEATR5B,ENSP00000233099
389,MDH1,ENSP00000233114
390,TMSB10,ENSP00000233143
391,NCK2,ENSP00000233154
392,NDUFS1,ENSP00000233190
393,APOB,ENSP00000233242
394,SF3B6,ENSP00000233468
395,MPV17,ENSP00000233545
396,EIF2B4,ENSP00000233552
397,NRBP1,ENSP00000233557
398,SNX17,ENSP00000233575
399,REEP6,ENSP00000233596
400,NDUFS7,ENSP00000233627
401,DOK1,ENSP00000233668
402,LANCL1,ENSP00000233714
403,IGFBP2,ENSP00000233809
404,IGFBP5,ENSP00000233813
405,HSPE1,ENSP00000233893
406,AZU1,ENSP00000233997
407,PPP1R7,ENSP00000234038
408,GORASP2,ENSP00000234160
409,CEBPZ,ENSP00000234170
410,SLC1A4,ENSP00000234256
411,COX7A2L,ENSP00000234301
412,PLEK,ENSP00000234313
413,PRTN3,ENSP00000234347
414,MSH6,ENSP00000234420
415,SPR,ENSP00000234454
416,ENO1,ENSP00000234590
417,SARS1,ENSP00000234677
418,CLCA1,ENSP00000234701
419,TMEM59,ENSP00000234831
420,WDR77,ENSP00000235090
421,MFN2,ENSP00000235329
422,WARS2,ENSP00000235521
423,AKR7A2,ENSP00000235835
424,RAB29,ENSP00000235932
425,EBNA1BP2,ENSP00000236051
426,SYF2,ENSP00000236273
427,APOA1,ENSP00000236850
428,EEF1B2,ENSP00000236957
429,ATIC,ENSP00000236959
430,FASTKD2,ENSP00000236980
431,CREB1,ENSP00000236995
432,TTR,ENSP00000237014
433,FBXO30,ENSP00000237281
434,RPN2,ENSP00000237530
435,STBD1,ENSP00000237642
436,LDAH,ENSP00000237822
437,GLRX,ENSP00000237858
438,NDUFB3,ENSP00000237889
439,GDA,ENSP00000238018
440,YWHAQ,ENSP00000238081
441,CPSF3,ENSP00000238112
442,FKBP15,ENSP00000238256
443,HDHD3,ENSP00000238379
444,VPS4B,ENSP00000238497
445,NEK9,ENSP00000238616
446,ACYP1,ENSP00000238618
447,SLIRP,ENSP00000238688
448,TP53I3,ENSP00000238721
449,TMEM214,ENSP00000238788
450,FAM98A,ENSP00000238823
451,YIPF4,ENSP00000238831
452,PDZD11,ENSP00000239666
453,NUDCD1,ENSP00000239690
454,UFM1,ENSP00000239878
455,ALG5,ENSP00000239891
456,PFN2,ENSP00000239940
457,WASHC3,ENSP00000240079
458,SLC39A14,ENSP00000240095
459,SORBS3,ENSP00000240123
460,TARDBP,ENSP00000240185
461,RDH10,ENSP00000240285
462,LUC7L3,ENSP00000240304
463,COIL,ENSP00000240316
464,NCAPH,ENSP00000240423
465,PLBD1,ENSP00000240617
466,TFG,ENSP00000240851
467,NAA50,ENSP00000240922
468,GSTM2,ENSP00000241337
469,MRPS2,ENSP00000241600
470,COPA,ENSP00000241704
471,SCRN1,ENSP00000242059
472,FKBP9,ENSP00000242209
473,ZC3HAV1,ENSP00000242351
474,DYNLL1,ENSP00000242577
475,ACADS,ENSP00000242592
476,DDX39A,ENSP00000242776
477,PKN1,ENSP00000242783
478,TRIR,ENSP00000242784
479,ADGRE5,ENSP00000242786
480,ZC3H13,ENSP00000242848
481,LRP1,ENSP00000243077
482,FAAH,ENSP00000243167
483,SEC61A1,ENSP00000243253
484,RIF1,ENSP00000243326
485,NMI,ENSP00000243346
486,EXOSC9,ENSP00000243498
487,SNRPA,ENSP00000243563
488,C4BPB,ENSP00000243611
489,ATP5F1E,ENSP00000243997
490,PLCG1,ENSP00000244007
491,RAB22A,ENSP00000244040
492,PTGIS,ENSP00000244043
493,MOCS3,ENSP00000244051
494,RNF114,ENSP00000244061
495,PEPD,ENSP00000244137
496,MCEE,ENSP00000244217
497,MPHOSPH10,ENSP00000244230
498,LIPE,ENSP00000244289
499,SNRPC,ENSP00000244520
500,H1-3,ENSP00000244534
501,AARS2,ENSP00000244571
502,COL21A1,ENSP00000244728
503,SSR1,ENSP00000244763
504,EMC3,ENSP00000245046
505,GOT2,ENSP00000245206
506,UPF3B,ENSP00000245418
507,RPS29,ENSP00000245458
508,MRPS7,ENSP00000245539
509,NUP85,ENSP00000245544
510,NT5C,ENSP00000245552
511,CLPP,ENSP00000245816
512,THOC2,ENSP00000245838
513,C3,ENSP00000245907
514,RTN2,ENSP00000245923
515,EML2,ENSP00000245925
516,VASP,ENSP00000245932
517,SYMPK,ENSP00000245934
518,TMX4,ENSP00000246024
519,RRBP1,ENSP00000246043
520,DSTN,ENSP00000246069
521,SNRPB2,ENSP00000246071
522,NCLN,ENSP00000246117
523,PITHD1,ENSP00000246151
524,RALY,ENSP00000246194
525,UROD,ENSP00000246337
526,CAPNS1,ENSP00000246533
527,UBA2,ENSP00000246548
528,RRAS,ENSP00000246792
529,SBDS,ENSP00000246868
530,TRAP1,ENSP00000246957
531,SUGP1,ENSP00000247001
532,DDX49,ENSP00000247003
533,SDF2,ENSP00000247020
534,CFP,ENSP00000247153
535,L3HYPDH,ENSP00000247194
536,HSPA2,ENSP00000247207
537,CANX,ENSP00000247461
538,PYCARD,ENSP00000247470
539,COX7C,ENSP00000247655
540,PHPT1,ENSP00000247665
541,TRAF2,ENSP00000247668
542,TSPAN8,ENSP00000247829
543,NDUFB2,ENSP00000247866
544,IDUA,ENSP00000247933
545,PIN1,ENSP00000247970
546,JPT2,ENSP00000248098
547,MON1B,ENSP00000248248
548,EIF3K,ENSP00000248342
549,EMC6,ENSP00000248378
550,TUBA4A,ENSP00000248437
551,VIL1,ENSP00000248444
552,AAMP,ENSP00000248450
553,HSPB1,ENSP00000248553
554,PTPN12,ENSP00000248594
555,FGL2,ENSP00000248598
556,PEX1,ENSP00000248633
557,NCF4,ENSP00000248899
558,SGSM3,ENSP00000248929
559,SDF2L1,ENSP00000248958
560,YWHAH,ENSP00000248975
561,CDC42EP1,ENSP00000249014
562,TST,ENSP00000249042
563,APOL2,ENSP00000249066
564,RAC2,ENSP00000249071
565,PMPCB,ENSP00000249269
566,ATP6V1F,ENSP00000249289
567,LSM8,ENSP00000249299
568,CALU,ENSP00000249364
569,SIRT2,ENSP00000249396
570,MTX2,ENSP00000249442
571,SNAP23,ENSP00000249647
572,TMOD2,ENSP00000249700
573,SERF2,ENSP00000249786
574,ARPP19,ENSP00000249822
575,VPS13C,ENSP00000249837
576,ISLR,ENSP00000249842
577,COPB1,ENSP00000249923
578,TXNDC17,ENSP00000250101
579,FXR2,ENSP00000250113
580,MPDU1,ENSP00000250124
581,QTRT1,ENSP00000250237
582,AP1M2,ENSP00000250244
583,CMA1,ENSP00000250378
584,DAD1,ENSP00000250498
585,RAP1B,ENSP00000250559
586,ARHGEF6,ENSP00000250617
587,ZC3H14,ENSP00000251038
588,LMAN1,ENSP00000251047
589,NUP37,ENSP00000251074
590,DOCK7,ENSP00000251157
591,TUBG1,ENSP00000251413
592,RPS16,ENSP00000251453
593,RABGAP1L,ENSP00000251507
594,UGT2A3,ENSP00000251566
595,TRNT1,ENSP00000251607
596,DHX29,ENSP00000251636
597,PCCB,ENSP00000251654
598,ARFGEF3,ENSP00000251691
599,SNX4,ENSP00000251775
600,SPAG1,ENSP00000251809
601,RRM2B,ENSP00000251810
602,TSG101,ENSP00000251968
603,TYMP,ENSP00000252029
604,ELN,ENSP00000252034
605,NDUFA2,ENSP00000252102
606,UBE4A,ENSP00000252108
607,POLDIP3,ENSP00000252115
608,PSMG3,ENSP00000252329
609,CNN1,ENSP00000252456
610,CDC16,ENSP00000252457
611,NECTIN2,ENSP00000252485
612,APOE,ENSP00000252486
613,TOMM40,ENSP00000252487
614,XPO7,ENSP00000252512
615,SAFB2,ENSP00000252542
616,RPL36,ENSP00000252543
617,PLVAP,ENSP00000252590
618,BST2,ENSP00000252593
619,SLC27A1,ENSP00000252595
620,COLGALT1,ENSP00000252599
621,PGLS,ENSP00000252603
622,LSM7,ENSP00000252622
623,ACTN4,ENSP00000252699
624,NDUFA10,ENSP00000252711
625,SCO2,ENSP00000252785
626,PXDN,ENSP00000252804
627,TRPM4,ENSP00000252826
628,ATXN10,ENSP00000252934
629,TUBGCP2,ENSP00000252936
630,LAMA5,ENSP00000252999
631,ADRM1,ENSP00000253003
632,ASS1,ENSP00000253004
633,UBE2M,ENSP00000253023
634,TRIM28,ENSP00000253024
635,EIF2S3,ENSP00000253039
636,ZC3H4,ENSP00000253048
637,HIP1R,ENSP00000253083
638,MRPL4,ENSP00000253099
639,EIF3G,ENSP00000253108
640,SHFL,ENSP00000253110
641,GRWD1,ENSP00000253237
642,NOL11,ENSP00000253247
643,UBE4B,ENSP00000253251
644,PPIL4,ENSP00000253329
645,AKAP12,ENSP00000253332
646,ACSS2,ENSP00000253382
647,ATP6V1E1,ENSP00000253413
648,COX4I1,ENSP00000253452
649,EMC8,ENSP00000253457
650,F12,ENSP00000253496
651,ABCB7,ENSP00000253577
652,MRPS25,ENSP00000253686
653,TBC1D5,ENSP00000253692
654,CAPN7,ENSP00000253693
655,RBSN,ENSP00000253699
656,PDLIM4,ENSP00000253754
657,RPL27,ENSP00000253788
658,ACLY,ENSP00000253792
659,VPS25,ENSP00000253794
660,EXOC4,ENSP00000253861
661,PPFIA1,ENSP00000253925
662,WDR44,ENSP00000254029
663,PPP1R1B,ENSP00000254079
664,PRKAB2,ENSP00000254101
665,FUS,ENSP00000254108
666,SNRPA1,ENSP00000254193
667,RHPN2,ENSP00000254260
668,ACTR10,ENSP00000254286
669,LGALS3,ENSP00000254301
670,DNAJB1,ENSP00000254322
671,SDC1,ENSP00000254351
672,TRIM21,ENSP00000254436
673,WDR7,ENSP00000254442
674,SMARCC1,ENSP00000254480
675,NUP210,ENSP00000254508
676,HSD17B7,ENSP00000254521
677,EMILIN2,ENSP00000254528
678,ARFIP2,ENSP00000254584
679,RRP8,ENSP00000254605
680,EFR3A,ENSP00000254624
681,PTCD3,ENSP00000254630
682,ILKAP,ENSP00000254654
683,SCLY,ENSP00000254663
684,PTPRE,ENSP00000254667
685,MYBBP1A,ENSP00000254718
686,RPA1,ENSP00000254719
687,SERPINF1,ENSP00000254722
688,EEFSEC,ENSP00000254730
689,COQ3,ENSP00000254759
690,LANCL2,ENSP00000254770
691,GRSF1,ENSP00000254799
692,JCHAIN,ENSP00000254801
693,UTP3,ENSP00000254803
694,WBP2,ENSP00000254806
695,TRIM47,ENSP00000254816
696,ZRANB2,ENSP00000254821
697,RIDA,ENSP00000254878
698,PCBD2,ENSP00000254908
699,NIP7,ENSP00000254940
700,VPS4A,ENSP00000254950
701,HSPA12B,ENSP00000254963
702,APCS,ENSP00000255040
703,NASP,ENSP00000255120
704,AP3B1,ENSP00000255194
705,XPO4,ENSP00000255305
706,SCO1,ENSP00000255390
707,DCLK1,ENSP00000255448
708,HSPBP1,ENSP00000255631
709,MACROD1,ENSP00000255681
710,CCDC134,ENSP00000255784
711,PI4KA,ENSP00000255882
712,GIMAP4,ENSP00000255945
713,IPO8,ENSP00000256079
714,FABP4,ENSP00000256104
715,LYVE1,ENSP00000256178
716,RRAS2,ENSP00000256196
717,ERG28,ENSP00000256319
718,DGLUCY,ENSP00000256324
719,EIF2S1,ENSP00000256383
720,ELP3,ENSP00000256398
721,MBD2,ENSP00000256429
722,MRPS36,ENSP00000256441
723,CAMK1,ENSP00000256460
724,ARL8B,ENSP00000256496
725,CHL1,ENSP00000256509
726,EMC7,ENSP00000256545
727,AMPD2,ENSP00000256578
728,REG4,ENSP00000256585
729,GSTM3,ENSP00000256594
730,SORT1,ENSP00000256637
731,CMPK2,ENSP00000256722
732,CFHR5,ENSP00000256785
733,ERN2,ENSP00000256797
734,NARS1,ENSP00000256854
735,DDB2,ENSP00000256996
736,ACP2,ENSP00000256997
737,PRPF38A,ENSP00000257181
738,ELP2,ENSP00000257191
739,TIMM10,ENSP00000257245
740,CARS2,ENSP00000257347
741,ANXA1,ENSP00000257497
742,TRAFD1,ENSP00000257604
743,RINT1,ENSP00000257700
744,NT5E,ENSP00000257770
745,NAT10,ENSP00000257829
746,CD63,ENSP00000257857
747,PRPH,ENSP00000257860
748,TFCP2,ENSP00000257915
749,REPS1,ENSP00000258062
750,HTRA2,ENSP00000258080
751,CCT7,ENSP00000258091
752,MRPL53,ENSP00000258105
753,USP15,ENSP00000258123
754,GNS,ENSP00000258145
755,DYNC1LI2,ENSP00000258198
756,FHOD1,ENSP00000258201
757,STX6,ENSP00000258301
758,LAMC1,ENSP00000258341
759,MRPL44,ENSP00000258383
760,DOCK10,ENSP00000258390
761,CYP27A1,ENSP00000258415
762,EIF4E2,ENSP00000258416
763,CAB39,ENSP00000258418
764,COX5B,ENSP00000258424
765,MRPS9,ENSP00000258455
766,ALDH1L2,ENSP00000258494
767,APPL2,ENSP00000258530
768,MED4,ENSP00000258648
769,COG3,ENSP00000258654
770,GPNMB,ENSP00000258733
771,BZW2,ENSP00000258761
772,TBRG4,ENSP00000258770
773,DDX56,ENSP00000258772
774,MYO1G,ENSP00000258787
775,IREB2,ENSP00000258886
776,CALCOCO2,ENSP00000258947
777,NMT1,ENSP00000258960
778,SRSF1,ENSP00000258962
779,TACO1,ENSP00000258975
780,NDUFB5,ENSP00000259037
781,MRPL47,ENSP00000259038
782,GALNT5,ENSP00000259056
783,BIN1,ENSP00000259238
784,UGGT1,ENSP00000259253
785,TOR1B,ENSP00000259339
786,TMOD1,ENSP00000259365
787,ORM1,ENSP00000259396
788,STX17,ENSP00000259400
789,PSMB7,ENSP00000259457
790,RPL35,ENSP00000259469
791,ARPC5L,ENSP00000259477
792,DERL1,ENSP00000259512
793,CCL21,ENSP00000259607
794,DCTN3,ENSP00000259632
795,HINT2,ENSP00000259667
796,GMPR,ENSP00000259727
797,RIPK1,ENSP00000259808
798,TUBB2B,ENSP00000259818
799,MRPS18B,ENSP00000259873
800,MRPL15,ENSP00000260102
801,GGH,ENSP00000260118
802,SULF1,ENSP00000260128
803,SDCBP,ENSP00000260130
804,SORL1,ENSP00000260197
805,FDX1,ENSP00000260270
806,SQOR,ENSP00000260324
807,THBS1,ENSP00000260356
808,RMDN3,ENSP00000260385
809,ADAM10,ENSP00000260408
810,GCHFR,ENSP00000260447
811,KYAT3,ENSP00000260508
812,SELENOI,ENSP00000260585
813,ACTR2,ENSP00000260641
814,PREB,ENSP00000260643
815,PREPL,ENSP00000260648
816,LRPPRC,ENSP00000260665
817,ARL3,ENSP00000260746
818,DBR1,ENSP00000260803
819,DNAJC13,ENSP00000260818
820,SSB,ENSP00000260956
821,PPIG,ENSP00000260970
822,IDH1,ENSP00000260985
823,WDR12,ENSP00000261015
824,ITGAV,ENSP00000261023
825,COL8A1,ENSP00000261037
826,COX17,ENSP00000261070
827,WBP11,ENSP00000261167
828,OSBPL8,ENSP00000261183
829,INTS13,ENSP00000261191
830,PPP1R12A,ENSP00000261207
831,TRMT5,ENSP00000261249
832,RAB21,ENSP00000261263
833,PSMC1,ENSP00000261303
834,PPWD1,ENSP00000261308
835,PEBP1,ENSP00000261313
836,LMNB1,ENSP00000261366
837,NUP133,ENSP00000261396
838,CORO1C,ENSP00000261401
839,VWF,ENSP00000261405
840,LPCAT3,ENSP00000261407
841,MRPS27,ENSP00000261413
842,CERT1,ENSP00000261415
843,HEXB,ENSP00000261416
844,RFC1,ENSP00000261424
845,UBE2K,ENSP00000261427
846,TBC1D1,ENSP00000261439
847,PPP2R5A,ENSP00000261461
848,PSMA6,ENSP00000261479
849,MAN2A1,ENSP00000261483
850,SPECC1,ENSP00000261503
851,SNW1,ENSP00000261531
852,DSG2,ENSP00000261590
853,THOC1,ENSP00000261600
854,USP14,ENSP00000261601
855,DPEP1,ENSP00000261615
856,CYBA,ENSP00000261623
857,ARL1,ENSP00000261636
858,UTP20,ENSP00000261637
859,TTC19,ENSP00000261647
860,KPNA3,ENSP00000261667
861,CAB39L,ENSP00000261669
862,RTRAF,ENSP00000261700
863,UTP6,ENSP00000261708
864,PSMD11,ENSP00000261712
865,BLMH,ENSP00000261714
866,ALDH2,ENSP00000261733
867,ERP29,ENSP00000261735
868,ANKRD13A,ENSP00000261739
869,RBM19,ENSP00000261741
870,NAA25,ENSP00000261745
871,FAH,ENSP00000261755
872,MESD,ENSP00000261758
873,AARS1,ENSP00000261772
874,VAC14,ENSP00000261776
875,PDGFRB,ENSP00000261799
876,PFDN1,ENSP00000261813
877,MYO5C,ENSP00000261839
878,GLCE,ENSP00000261858
879,EIF3J,ENSP00000261868
880,HACD3,ENSP00000261875
881,AAGAB,ENSP00000261880
882,CILP,ENSP00000261883
883,TRIP4,ENSP00000261884
884,DAPK2,ENSP00000261891
885,LACTB,ENSP00000261893
886,NEO1,ENSP00000261908
887,FAF2,ENSP00000261942
888,TUBGCP3,ENSP00000261965
889,RBM25,ENSP00000261973
890,LTBP2,ENSP00000261978
891,SPAG9,ENSP00000262013
892,MARS1,ENSP00000262027
893,ATP5F1B,ENSP00000262030
894,PTGES3,ENSP00000262033
895,PIK3C3,ENSP00000262039
896,ATF1,ENSP00000262053
897,EIF4B,ENSP00000262056
898,COPZ1,ENSP00000262061
899,NUP153,ENSP00000262077
900,FECH,ENSP00000262093
901,RAB27B,ENSP00000262094
902,MSR1,ENSP00000262101
903,MCM4,ENSP00000262105
904,SEH1L,ENSP00000262124
905,LPCAT2,ENSP00000262134
906,RNMT,ENSP00000262173
907,DNAJB6,ENSP00000262177
908,RHEB,ENSP00000262187
909,PSMB1,ENSP00000262193
910,TRAM1,ENSP00000262213
911,ARFGEF1,ENSP00000262215
912,ANXA13,ENSP00000262219
913,TMED2,ENSP00000262225
914,EML1,ENSP00000262233
915,YY1,ENSP00000262238
916,RCOR1,ENSP00000262241
917,PIH1D1,ENSP00000262265
918,SCPEP1,ENSP00000262288
919,VMP1,ENSP00000262291
920,LMF1,ENSP00000262301
921,NUBP2,ENSP00000262302
922,TELO2,ENSP00000262319
923,ALG1,ENSP00000262374
924,DNAJA3,ENSP00000262375
925,SLC4A1,ENSP00000262418
926,COTL1,ENSP00000262428
927,MLYCD,ENSP00000262430
928,MAP2K4,ENSP00000262445
929,ERP44,ENSP00000262455
930,SLC12A2,ENSP00000262461
931,FBN2,ENSP00000262464
932,GNAO1,ENSP00000262493
933,CFAP20,ENSP00000262498
934,CSNK2A2,ENSP00000262506
935,COQ9,ENSP00000262507
936,SEC23B,ENSP00000262544
937,OGN,ENSP00000262551
938,SPTLC1,ENSP00000262554
939,CHCHD3,ENSP00000262570
940,GSDMD,ENSP00000262580
941,RPL8,ENSP00000262584
942,SLC9A3R1,ENSP00000262613
943,RBM42,ENSP00000262633
944,IMPAD1,ENSP00000262644
945,RAB2A,ENSP00000262646
946,ITCH,ENSP00000262650
947,CDKN2C,ENSP00000262662
948,NRDC,ENSP00000262679
949,POF1B,ENSP00000262753
950,TIMP2,ENSP00000262768
951,LGALS3BP,ENSP00000262776
952,UPF1,ENSP00000262803
953,COPE,ENSP00000262812
954,ACSL4,ENSP00000262835
955,HUWE1,ENSP00000262854
956,BPI,ENSP00000262865
957,RALGAPB,ENSP00000262879
958,XRCC1,ENSP00000262887
959,PAFAH1B3,ENSP00000262890
960,ARPC1A,ENSP00000262942
961,MYDGF,ENSP00000262947
962,MAP2K2,ENSP00000262948
963,CSE1L,ENSP00000262982
964,INPP4B,ENSP00000262992
965,GAB1,ENSP00000262994
966,MAPK3,ENSP00000263025
967,DHTKD1,ENSP00000263035
968,OPTN,ENSP00000263036
969,MTPAP,ENSP00000263063
970,CNN2,ENSP00000263097
971,A1BG,ENSP00000263100
972,CCDC6,ENSP00000263102
973,WDR37,ENSP00000263150
974,CAPZA1,ENSP00000263168
975,UFD1,ENSP00000263202
976,PPM1F,ENSP00000263212
977,UBE2R2,ENSP00000263228
978,ACTR3,ENSP00000263238
979,DDX18,ENSP00000263239
980,ARFGAP3,ENSP00000263245
981,PACSIN2,ENSP00000263246
982,BAX,ENSP00000263262
983,AP2S1,ENSP00000263270
984,LIG1,ENSP00000263274
985,OPA3,ENSP00000263275
986,GYS1,ENSP00000263276
987,EHD2,ENSP00000263277
988,STRN4,ENSP00000263280
989,TCF25,ENSP00000263346
990,NAPA,ENSP00000263354
991,BLVRB,ENSP00000263368
992,BRD4,ENSP00000263377
993,ILVBL,ENSP00000263383
994,COMMD9,ENSP00000263401
995,C9,ENSP00000263408
996,C6,ENSP00000263413
997,PPP1R12C,ENSP00000263433
998,WDR11,ENSP00000263461
999,PARP12,ENSP00000263549
1000,P4HA1,ENSP00000263556
1001,VPS26A,ENSP00000263559
1002,APLP2,ENSP00000263574
1003,FOXRED1,ENSP00000263578
1004,DCPS,ENSP00000263579
1005,SIAE,ENSP00000263593
1006,ELANE,ENSP00000263621
1007,MTIF2,ENSP00000263629
1008,CD81,ENSP00000263645
1009,PNO1,ENSP00000263657
1010,SPCS2,ENSP00000263672
1011,ARHGEF17,ENSP00000263674
1012,SNRNP40,ENSP00000263694
1013,DNAJC8,ENSP00000263697
1014,MECR,ENSP00000263702
1015,CLASP1,ENSP00000263710
1016,FAM20B,ENSP00000263733
1017,EPCAM,ENSP00000263735
1018,SRBD1,ENSP00000263736
1019,FNBP4,ENSP00000263773
1020,NDUFS3,ENSP00000263774
1021,CHMP2B,ENSP00000263780
1022,TP53BP1,ENSP00000263801
1023,OSBP,ENSP00000263847
1024,ZC2HC1A,ENSP00000263849
1025,CHMP3,ENSP00000263856
1026,POLR1A,ENSP00000263857
1027,VAMP8,ENSP00000263864
1028,CAPG,ENSP00000263867
1029,STAM2,ENSP00000263904
1030,STRN,ENSP00000263918
1031,MFN1,ENSP00000263969
1032,GATB,ENSP00000263985
1033,CTCF,ENSP00000264010
1034,ARCN1,ENSP00000264028
1035,CBL,ENSP00000264033
1036,MCAM,ENSP00000264036
1037,GPC1,ENSP00000264039
1038,FARP2,ENSP00000264042
1039,SP100,ENSP00000264052
1040,DNAJC10,ENSP00000264065
1041,TUBB4A,ENSP00000264071
1042,DGUOK,ENSP00000264093
1043,HAT1,ENSP00000264108
1044,LAMC2,ENSP00000264144
1045,MCM6,ENSP00000264156
1046,RAB3GAP1,ENSP00000264158
1047,DARS1,ENSP00000264161
1048,AGPS,ENSP00000264167
1049,NID1,ENSP00000264187
1050,ECE1,ENSP00000264205
1051,PPAT,ENSP00000264220
1052,PAICS,ENSP00000264221
1053,NOA1,ENSP00000264230
1054,GSK3B,ENSP00000264235
1055,PDCL3,ENSP00000264254
1056,TXNDC9,ENSP00000264255
1057,RPL31,ENSP00000264258
1058,LXN,ENSP00000264265
1059,MFSD1,ENSP00000264266
1060,CASP8,ENSP00000264275
1061,NOP58,ENSP00000264279
1062,OCIAD1,ENSP00000264312
1063,SLAIN2,ENSP00000264313
1064,YWHAE,ENSP00000264335
1065,COPS4,ENSP00000264389
1066,CUL3,ENSP00000264414
1067,GUCY1B1,ENSP00000264424
1068,RAPGEF2,ENSP00000264431
1069,ZNF638,ENSP00000264447
1070,SLC30A9,ENSP00000264451
1071,SLC4A4,ENSP00000264485
1072,FGF2,ENSP00000264498
1073,RBBP5,ENSP00000264515
1074,MLPH,ENSP00000264605
1075,CP,ENSP00000264613
1076,PSMD3,ENSP00000264639
1077,STAT3,ENSP00000264657
1078,NNT,ENSP00000264663
1079,NSUN2,ENSP00000264670
1080,UFSP2,ENSP00000264689
1081,KLKB1,ENSP00000264690
1082,CAD,ENSP00000264705
1083,RAB10,ENSP00000264710
1084,GTF3C2,ENSP00000264720
1085,MMRN1,ENSP00000264790
1086,HOOK2,ENSP00000264827
1087,COL5A3,ENSP00000264828
1088,ICAM1,ENSP00000264832
1089,F13A1,ENSP00000264870
1090,NUP54,ENSP00000264883
1091,SEPTIN11,ENSP00000264893
1092,SCARB2,ENSP00000264896
1093,ANXA3,ENSP00000264908
1094,ARSB,ENSP00000264914
1095,SLC12A7,ENSP00000264930
1096,SDHA,ENSP00000264932
1097,PDCD6,ENSP00000264933
1098,XRN1,ENSP00000264951
1099,GRPEL1,ENSP00000264954
1100,LMAN2L,ENSP00000264963
1101,CDV3,ENSP00000264993
1102,MRPL3,ENSP00000264995
1103,GALNT7,ENSP00000265000
1104,BST1,ENSP00000265016
1105,DNAJB11,ENSP00000265028
1106,SSR3,ENSP00000265044
1107,MCM2,ENSP00000265056
1108,RAB7A,ENSP00000265062
1109,ZFR,ENSP00000265069
1110,GOLPH3,ENSP00000265070
1111,SUB1,ENSP00000265073
1112,VCAN,ENSP00000265077
1113,MSH3,ENSP00000265081
1114,THOC3,ENSP00000265097
1115,RPL26L1,ENSP00000265100
1116,RAI14,ENSP00000265109
1117,TARS1,ENSP00000265112
1118,TNC,ENSP00000265131
1119,AMBP,ENSP00000265132
1120,CASP6,ENSP00000265164
1121,PAPSS1,ENSP00000265174
1122,SEC24B,ENSP00000265175
1123,LSG1,ENSP00000265245
1124,PCNP,ENSP00000265260
1125,SSBP1,ENSP00000265304
1126,PECR,ENSP00000265322
1127,VDAC1,ENSP00000265333
1128,XPO5,ENSP00000265351
1129,NRP1,ENSP00000265371
1130,TNPO3,ENSP00000265388
1131,TAX1BP1,ENSP00000265393
1132,CPVL,ENSP00000265394
1133,HIBADH,ENSP00000265395
1134,POLB,ENSP00000265421
1135,NBN,ENSP00000265433
1136,ANXA11,ENSP00000265447
1137,PRDX5,ENSP00000265462
1138,MGST2,ENSP00000265498
1139,BLVRA,ENSP00000265523
1140,USP4,ENSP00000265560
1141,PTPN23,ENSP00000265562
1142,PRKAR2A,ENSP00000265563
1143,EXOSC7,ENSP00000265564
1144,MCCC1,ENSP00000265594
1145,SLC25A13,ENSP00000265631
1146,CPT1A,ENSP00000265641
1147,TCIRG1,ENSP00000265686
1148,PRKAR2B,ENSP00000265717
1149,ABCB1,ENSP00000265724
1150,CDK6,ENSP00000265734
1151,EIF4H,ENSP00000265753
1152,SMARCA2,ENSP00000265773
1153,SH2D4A,ENSP00000265807
1154,ACAT1,ENSP00000265838
1155,ADAP1,ENSP00000265846
1156,MAD1L1,ENSP00000265854
1157,HNRNPH3,ENSP00000265866
1158,CCAR1,ENSP00000265872
1159,REXO2,ENSP00000265881
1160,PIK3C2A,ENSP00000265970
1161,HPX,ENSP00000265983
1162,BTAF1,ENSP00000265990
1163,GLT8D1,ENSP00000266014
1164,RBM6,ENSP00000266022
1165,ITIH4,ENSP00000266041
1166,GID8,ENSP00000266069
1167,DIDO1,ENSP00000266070
1168,PRPF6,ENSP00000266079
1169,TIMP3,ENSP00000266085
1170,FBXO7,ENSP00000266087
1171,EIF2B2,ENSP00000266126
1172,NDUFA9,ENSP00000266544
1173,TAPBPL,ENSP00000266556
1174,CPSF6,ENSP00000266679
1175,TMTC3,ENSP00000266712
1176,LUM,ENSP00000266718
1177,TMPO,ENSP00000266732
1178,SNRPF,ENSP00000266735
1179,CDK2,ENSP00000266970
1180,SUOX,ENSP00000266971
1181,SMARCC2,ENSP00000267064
1182,C12orf10,ENSP00000267103
1183,RB1,ENSP00000267163
1184,SBNO1,ENSP00000267176
1185,VPS37B,ENSP00000267202
1186,MBNL2,ENSP00000267287
1187,RAB20,ENSP00000267328
1188,NOP9,ENSP00000267425
1189,L2HGDH,ENSP00000267436
1190,ITPK1,ENSP00000267615
1191,TRIP11,ENSP00000267622
1192,EMC4,ENSP00000267750
1193,MFAP1,ENSP00000267812
1194,SORD,ENSP00000267814
1195,SLC27A2,ENSP00000267842
1196,SRP14,ENSP00000267884
1197,COMMD4,ENSP00000267935
1198,WDR61,ENSP00000267973
1199,MAN2C1,ENSP00000267978
1200,PML,ENSP00000268058
1201,HEXA,ENSP00000268097
1202,SCAMP2,ENSP00000268099
1203,MFGE8,ENSP00000268150
1204,IQGAP1,ENSP00000268182
1205,EFL1,ENSP00000268206
1206,SEC11A,ENSP00000268220
1207,ABAT,ENSP00000268251
1208,PMM2,ENSP00000268261
1209,ITGAX,ENSP00000268296
1210,UQCRC2,ENSP00000268379
1211,DHX38,ENSP00000268482
1212,CDH11,ENSP00000268603
1213,CDH13,ENSP00000268613
1214,NDUFB10,ENSP00000268668
1215,GALNS,ENSP00000268695
1216,NCOR1,ENSP00000268712
1217,COPS3,ENSP00000268717
1218,NOB1,ENSP00000268802
1219,PRPSAP2,ENSP00000268835
1220,PCTP,ENSP00000268896
1221,CLTC,ENSP00000269122
1222,AFG3L2,ENSP00000269143
1223,IMPA2,ENSP00000269159
1224,GALNT1,ENSP00000269195
1225,RMC1,ENSP00000269221
1226,NPC1,ENSP00000269228
1227,MYH10,ENSP00000269243
1228,ARRB2,ENSP00000269260
1229,ARHGDIA,ENSP00000269321
1230,FN3KRP,ENSP00000269373
1231,MBD1,ENSP00000269468
1232,ERBB2,ENSP00000269571
1233,IGFBP4,ENSP00000269593
1234,TXNL4A,ENSP00000269601
1235,AKAP8,ENSP00000269701
1236,PFKL,ENSP00000269848
1237,SH3GL1,ENSP00000269886
1238,ARMC6,ENSP00000269932
1239,SMG9,ENSP00000270066
1240,SCYL1,ENSP00000270176
1241,AKT1,ENSP00000270202
1242,SAE1,ENSP00000270225
1243,BCAM,ENSP00000270233
1244,EPN1,ENSP00000270460
1245,FBN3,ENSP00000270509
1246,ECSIT,ENSP00000270517
1247,TIMM44,ENSP00000270538
1248,PSMB6,ENSP00000270586
1249,RPS11,ENSP00000270625
1250,RCN3,ENSP00000270645
1251,PGD,ENSP00000270776
1252,SH3BGRL3,ENSP00000270792
1253,FCN3,ENSP00000270879
1254,TINAGL1,ENSP00000271064
1255,FNBP1L,ENSP00000271234
1256,CTTNBP2NL,ENSP00000271277
1257,PSMA5,ENSP00000271308
1258,CD53,ENSP00000271324
1259,MPC2,ENSP00000271373
1260,PRCC,ENSP00000271526
1261,PRUNE1,ENSP00000271620
1262,SF3B4,ENSP00000271628
1263,CGN,ENSP00000271636
1264,S100A11,ENSP00000271638
1265,ADAMTSL4,ENSP00000271643
1266,CERS2,ENSP00000271688
1267,POGZ,ENSP00000271715
1268,GOLPH3L,ENSP00000271732
1269,EIF2D,ENSP00000271764
1270,ACP1,ENSP00000272065
1271,LBR,ENSP00000272163
1272,EPHX1,ENSP00000272167
1273,ARL8A,ENSP00000272217
1274,PDIA6,ENSP00000272227
1275,RHOB,ENSP00000272233
1276,GALM,ENSP00000272252
1277,SNRPG,ENSP00000272348
1278,MRPS5,ENSP00000272418
1279,TPRKB,ENSP00000272424
1280,EXOC6B,ENSP00000272427
1281,RTKN,ENSP00000272430
1282,RALB,ENSP00000272519
1283,UBXN4,ENSP00000272638
1284,POLR2D,ENSP00000272645
1285,SCRN3,ENSP00000272732
1286,WIPF1,ENSP00000272746
1287,LNPK,ENSP00000272748
1288,NRP2,ENSP00000272849
1289,COPS7B,ENSP00000272995
1290,RAB5A,ENSP00000273047
1291,CNOT9,ENSP00000273064
1292,DNPEP,ENSP00000273075
1293,DYNC1LI1,ENSP00000273130
1294,ARL6IP5,ENSP00000273258
1295,ITIH1,ENSP00000273283
1296,LIMD1,ENSP00000273317
1297,ABHD10,ENSP00000273359
1298,RABL3,ENSP00000273375
1299,ATP6V1A,ENSP00000273398
1300,ALDH1L1,ENSP00000273450
1301,FTH1,ENSP00000273550
1302,ENOPH1,ENSP00000273920
1303,GC,ENSP00000273951
1304,PYURF,ENSP00000273968
1305,TBCK,ENSP00000273980
1306,CISD2,ENSP00000273986
1307,SPATA5,ENSP00000274008
1308,FABP2,ENSP00000274024
1309,SETD7,ENSP00000274031
1310,NAF1,ENSP00000274054
1311,SFRP2,ENSP00000274063
1312,NDUFS6,ENSP00000274137
1313,OTULINL,ENSP00000274217
1314,RPL37,ENSP00000274242
1315,GZMA,ENSP00000274306
1316,PELO,ENSP00000274311
1317,HAPLN1,ENSP00000274341
1318,IQGAP2,ENSP00000274364
1319,RASA1,ENSP00000274376
1320,YIPF5,ENSP00000274496
1321,ARHGAP26,ENSP00000274498
1322,NHP2,ENSP00000274606
1323,ZMAT2,ENSP00000274712
1324,HIGD2A,ENSP00000274787
1325,MMUT,ENSP00000274813
1326,PPP1R18,ENSP00000274853
1327,PHIP,ENSP00000275034
1328,PM20D2,ENSP00000275072
1329,QKI,ENSP00000275262
1330,GGCT,ENSP00000275428
1331,EGFR,ENSP00000275493
1332,CCT6A,ENSP00000275603
1333,SLC12A9,ENSP00000275730
1334,TRIM4,ENSP00000275736
1335,ZC3HAV1L,ENSP00000275766
1336,NOM1,ENSP00000275820
1337,NONO,ENSP00000276079
1338,DOCK11,ENSP00000276202
1339,ATP6V1B2,ENSP00000276390
1340,BIN3,ENSP00000276416
1341,DOCK5,ENSP00000276440
1342,ARMC1,ENSP00000276569
1343,MRPS28,ENSP00000276585
1344,LACTB2,ENSP00000276590
1345,NDUFB9,ENSP00000276689
1346,TATDN1,ENSP00000276692
1347,PLIN2,ENSP00000276914
1348,FAM120A,ENSP00000277165
1349,LCN2,ENSP00000277480
1350,GLUD1,ENSP00000277865
1351,ADD3,ENSP00000277900
1352,HABP2,ENSP00000277903
1353,SORBS1,ENSP00000277984
1354,BCCIP,ENSP00000278100
1355,LIN7C,ENSP00000278193
1356,HSD17B12,ENSP00000278353
1357,SERPING1,ENSP00000278407
1358,SSRP1,ENSP00000278412
1359,TMX2,ENSP00000278422
1360,ENDOD1,ENSP00000278505
1361,ATM,ENSP00000278616
1362,AASDHPPT,ENSP00000278618
1363,LAMTOR1,ENSP00000278671
1364,ST14,ENSP00000278742
1365,MTA2,ENSP00000278823
1366,WDR74,ENSP00000278856
1367,MYL9,ENSP00000279022
1368,PIGT,ENSP00000279036
1369,LSM14B,ENSP00000279068
1370,AIP,ENSP00000279146
1371,FERMT3,ENSP00000279227
1372,PLCB3,ENSP00000279230
1373,MRPL49,ENSP00000279242
1374,CAPN1,ENSP00000279247
1375,VPS51,ENSP00000279281
1376,PPP4C,ENSP00000279387
1377,MIA2,ENSP00000280083
1378,HNMT,ENSP00000280097
1379,PDCD4,ENSP00000280154
1380,PRSS23,ENSP00000280258
1381,CCT5,ENSP00000280326
1382,DOCK1,ENSP00000280333
1383,DLAT,ENSP00000280346
1384,IL18,ENSP00000280357
1385,SEC24D,ENSP00000280551
1386,DENR,ENSP00000280557
1387,NGLY1,ENSP00000280700
1388,OXSM,ENSP00000280701
1389,TMEM263,ENSP00000280756
1390,ANK3,ENSP00000280772
1391,DSC2,ENSP00000280904
1392,FAM177A1,ENSP00000280987
1393,NDUFC2,ENSP00000281031
1394,NARS2,ENSP00000281038
1395,NUBPL,ENSP00000281081
1396,EPS8,ENSP00000281172
1397,ACAD8,ENSP00000281182
1398,VPS26B,ENSP00000281187
1399,QDPR,ENSP00000281243
1400,QTRT2,ENSP00000281273
1401,ACSL1,ENSP00000281455
1402,SLC25A4,ENSP00000281456
1403,NBAS,ENSP00000281513
1404,TJP1,ENSP00000281537
1405,GUF1,ENSP00000281543
1406,FARSB,ENSP00000281828
1407,RABGAP1L,ENSP00000281844
1408,MGAT5,ENSP00000281923
1409,HSPB8,ENSP00000281938
1410,ATP5F1A,ENSP00000282050
1411,PDK1,ENSP00000282077
1412,ANKRD44,ENSP00000282272
1413,ZFP36L2,ENSP00000282388
1414,SPARCL1,ENSP00000282470
1415,MBNL1,ENSP00000282486
1416,NIPBL,ENSP00000282516
1417,GPD1L,ENSP00000282541
1418,ITGA1,ENSP00000282588
1419,WASHC2A,ENSP00000282633
1420,GGPS1,ENSP00000282841
1421,PLOD2,ENSP00000282903
1422,NUBP1,ENSP00000283027
1423,SMARCA5,ENSP00000283131
1424,RANBP2,ENSP00000283195
1425,ATG3,ENSP00000283290
1426,TRAPPC8,ENSP00000283351
1427,LPCAT1,ENSP00000283415
1428,RPIA,ENSP00000283646
1429,VILL,ENSP00000283713
1430,GTF2E1,ENSP00000283875
1431,CFDP1,ENSP00000283882
1432,DDAH1,ENSP00000284031
1433,ERBIN,ENSP00000284037
1434,MSI2,ENSP00000284073
1435,THY1,ENSP00000284240
1436,OTULIN,ENSP00000284274
1437,TOMM70,ENSP00000284320
1438,CC2D1B,ENSP00000284376
1439,UCHL1,ENSP00000284440
1440,OLA1,ENSP00000284719
1441,PDLIM3,ENSP00000284771
1442,ELOC,ENSP00000284811
1443,CXADR,ENSP00000284878
1444,RABGEF1,ENSP00000284957
1445,MRPL39,ENSP00000284967
1446,ATP5PF,ENSP00000284971
1447,APP,ENSP00000284981
1448,XPC,ENSP00000285021
1449,MYO5B,ENSP00000285039
1450,ABCC3,ENSP00000285238
1451,AGPAT5,ENSP00000285518
1452,HSPA13,ENSP00000285667
1453,RHOC,ENSP00000285735
1454,NIFK,ENSP00000285814
1455,GEMIN5,ENSP00000285873
1456,AKR1B1,ENSP00000285930
1457,NUP205,ENSP00000285968
1458,CASP10,ENSP00000286186
1459,DEPTOR,ENSP00000286234
1460,SLC26A2,ENSP00000286298
1461,ATP1B3,ENSP00000286371
1462,SMC2,ENSP00000286398
1463,VBP1,ENSP00000286428
1464,VAMP7,ENSP00000286448
1465,GNAQ,ENSP00000286548
1466,KCNMA1,ENSP00000286627
1467,DCK,ENSP00000286648
1468,STOM,ENSP00000286713
1469,NAAA,ENSP00000286733
1470,CCT8,ENSP00000286788
1471,SCAF4,ENSP00000286835
1472,ATP5MPL,ENSP00000286953
1473,PCDH1,ENSP00000287008
1474,UQCRB,ENSP00000287022
1475,RPL30,ENSP00000287038
1476,CD109,ENSP00000287097
1477,PRG3,ENSP00000287143
1478,UBE2L6,ENSP00000287156
1479,AIFM1,ENSP00000287295
1480,KNG1,ENSP00000287611
1481,RBPMS,ENSP00000287771
1482,ODR4,ENSP00000287859
1483,PDPR,ENSP00000288050
1484,DDX19B,ENSP00000288071
1485,FCSK,ENSP00000288078
1486,DHRS1,ENSP00000288111
1487,MYO1E,ENSP00000288235
1488,APPL1,ENSP00000288266
1489,COQ5,ENSP00000288532
1490,KRTCAP3,ENSP00000288873
1491,MRPL17,ENSP00000288937
1492,NCK1,ENSP00000288986
1493,LRRFIP1,ENSP00000289175
1494,ACTR1B,ENSP00000289228
1495,EIF5B,ENSP00000289371
1496,CNOT11,ENSP00000289382
1497,ACSM3,ENSP00000289416
1498,NCF1,ENSP00000289473
1499,FCER1G,ENSP00000289902
1500,ARHGAP17,ENSP00000289968
1501,TMEM141,ENSP00000290079
1502,CELA3A,ENSP00000290122
1503,KPNB1,ENSP00000290158
1504,MRPL10,ENSP00000290208
1505,SCRN2,ENSP00000290216
1506,NCOA5,ENSP00000290231
1507,ELMO2,ENSP00000290246
1508,OGFR,ENSP00000290291
1509,ATP5PO,ENSP00000290299
1510,CBR1,ENSP00000290349
1511,CBR3,ENSP00000290354
1512,NPTN,ENSP00000290401
1513,MCAT,ENSP00000290429
1514,PSMB4,ENSP00000290541
1515,HK2,ENSP00000290573
1516,ALDH4A1,ENSP00000290597
1517,UBR1,ENSP00000290650
1518,CPNE2,ENSP00000290776
1519,NAE1,ENSP00000290810
1520,CBFB,ENSP00000290858
1521,CHCHD6,ENSP00000290913
1522,CTBP1,ENSP00000290921
1523,TPPP3,ENSP00000290942
1524,ATP6V0D1,ENSP00000290949
1525,ABR,ENSP00000291107
1526,SSU72,ENSP00000291386
1527,AP1M1,ENSP00000291439
1528,CCDC58,ENSP00000291458
1529,PDXK,ENSP00000291565
1530,CSTB,ENSP00000291568
1531,AGPAT3,ENSP00000291572
1532,S100B,ENSP00000291700
1533,SAFB,ENSP00000292123
1534,ETHE1,ENSP00000292147
1535,FLAD1,ENSP00000292180
1536,ANO10,ENSP00000292246
1537,AZGP1,ENSP00000292401
1538,NACC1,ENSP00000292431
1539,HK3,ENSP00000292432
1540,CPSF4,ENSP00000292476
1541,VPS28,ENSP00000292510
1542,CUX1,ENSP00000292538
1543,PGLYRP2,ENSP00000292609
1544,PSMC2,ENSP00000292644
1545,DCUN1D1,ENSP00000292782
1546,PCYT1A,ENSP00000292823
1547,ACOX1,ENSP00000293217
1548,CYGB,ENSP00000293230
1549,KRT8,ENSP00000293308
1550,STAT5B,ENSP00000293328
1551,ALDH16A1,ENSP00000293350
1552,PSME3,ENSP00000293362
1553,ITGA5,ENSP00000293379
1554,LSM12,ENSP00000293406
1555,LARP4,ENSP00000293618
1556,LEMD2,ENSP00000293760
1557,ALOX15,ENSP00000293761
1558,EIF4A1,ENSP00000293831
1559,LUC7L,ENSP00000293872
1560,FLYWCH2,ENSP00000293981
1561,NCKIPSD,ENSP00000294129
1562,NXF1,ENSP00000294172
1563,STX5,ENSP00000294179
1564,RPL29,ENSP00000294189
1565,SYVN1,ENSP00000294256
1566,ZFPL1,ENSP00000294258
1567,CZIB,ENSP00000294360
1568,USP24,ENSP00000294383
1569,DOCK6,ENSP00000294618
1570,AGL,ENSP00000294724
1571,VCAM1,ENSP00000294728
1572,NCSTN,ENSP00000294785
1573,PPP1R21,ENSP00000294952
1574,HAAO,ENSP00000294973
1575,CAPN2,ENSP00000295006
1576,MRPL55,ENSP00000295008
1577,MEMO1,ENSP00000295065
1578,DPY30,ENSP00000295066
1579,MAIP1,ENSP00000295079
1580,NUP35,ENSP00000295119
1581,WDR92,ENSP00000295121
1582,ACTG2,ENSP00000295137
1583,VSNL1,ENSP00000295156
1584,IWS1,ENSP00000295321
1585,GNPDA2,ENSP00000295448
1586,HNRNPDL,ENSP00000295470
1587,COL6A3,ENSP00000295550
1588,POGLUT1,ENSP00000295588
1589,ATP1A1,ENSP00000295598
1590,FSTL1,ENSP00000295633
1591,RNPEP,ENSP00000295640
1592,IGFBP7,ENSP00000295666
1593,ARPC2,ENSP00000295685
1594,CCT3,ENSP00000295688
1595,CHCHD4,ENSP00000295767
1596,STT3B,ENSP00000295770
1597,PRKCI,ENSP00000295797
1598,RETSAT,ENSP00000295802
1599,IFI16,ENSP00000295809
1600,FABP1,ENSP00000295834
1601,CDS1,ENSP00000295887
1602,THOC7,ENSP00000295899
1603,PSMD6,ENSP00000295901
1604,PTX3,ENSP00000295927
1605,MTMR14,ENSP00000296003
1606,PPBP,ENSP00000296028
1607,CPA3,ENSP00000296046
1608,GYG1,ENSP00000296048
1609,MRPL33,ENSP00000296102
1610,KIAA1143,ENSP00000296121
1611,PPP1CB,ENSP00000296122
1612,CLEC3B,ENSP00000296130
1613,LZTFL1,ENSP00000296135
1614,FYCO1,ENSP00000296137
1615,DTX3L,ENSP00000296161
1616,ITGB5,ENSP00000296181
1617,NMNAT3,ENSP00000296202
1618,OSBPL11,ENSP00000296220
1619,RPN1,ENSP00000296255
1620,RFC4,ENSP00000296273
1621,PBRM1,ENSP00000296302
1622,UBXN7,ENSP00000296328
1623,S100P,ENSP00000296370
1624,P3H1,ENSP00000296388
1625,METAP1,ENSP00000296411
1626,ADH5,ENSP00000296412
1627,BDH2,ENSP00000296424
1628,PGRMC2,ENSP00000296425
1629,APEH,ENSP00000296456
1630,HSPA4L,ENSP00000296464
1631,WDR82,ENSP00000296490
1632,HMGB2,ENSP00000296503
1633,SAP30,ENSP00000296504
1634,MAD2L1,ENSP00000296509
1635,GUCY1A1,ENSP00000296518
1636,HPGD,ENSP00000296522
1637,NAA15,ENSP00000296543
1638,ARFIP1,ENSP00000296557
1639,ABCE1,ENSP00000296577
1640,LSM6,ENSP00000296581
1641,ITGA2,ENSP00000296585
1642,NDUFAF2,ENSP00000296597
1643,CMBL,ENSP00000296658
1644,PRRC1,ENSP00000296666
1645,RPS23,ENSP00000296674
1646,NDUFS4,ENSP00000296684
1647,TCERG1,ENSP00000296702
1648,ERAP1,ENSP00000296754
1649,MAP1B,ENSP00000296755
1650,UBLCP1,ENSP00000296786
1651,UTP15,ENSP00000296792
1652,GFM2,ENSP00000296804
1653,SEPTIN8,ENSP00000296873
1654,NPM1,ENSP00000296930
1655,SCIN,ENSP00000297029
1656,TRA2A,ENSP00000297071
1657,COG5,ENSP00000297135
1658,HSPA9,ENSP00000297185
1659,FABP5,ENSP00000297258
1660,FNDC1,ENSP00000297267
1661,COL1A2,ENSP00000297268
1662,RAD21,ENSP00000297338
1663,SBSPON,ENSP00000297354
1664,ORC5,ENSP00000297431
1665,DEFA6,ENSP00000297436
1666,DNAAF5,ENSP00000297440
1667,MICALL2,ENSP00000297508
1668,COX6C,ENSP00000297564
1669,VIRMA,ENSP00000297591
1670,PDP1,ENSP00000297598
1671,TMEM65,ENSP00000297632
1672,UBAP1,ENSP00000297661
1673,ALDH1A1,ENSP00000297785
1674,COL14A1,ENSP00000297848
1675,CFL2,ENSP00000298159
1676,PGM2L1,ENSP00000298198
1677,FOLR2,ENSP00000298223
1678,INPPL1,ENSP00000298229
1679,CRYL1,ENSP00000298248
1680,ZNF22,ENSP00000298299
1681,NEMF,ENSP00000298310
1682,ARF6,ENSP00000298316
1683,ABRAXAS2,ENSP00000298492
1684,PRDX3,ENSP00000298510
1685,HPRT1,ENSP00000298556
1686,NDRG2,ENSP00000298687
1687,CASP7,ENSP00000298701
1688,METTL3,ENSP00000298717
1689,TRUB1,ENSP00000298746
1690,WAPL,ENSP00000298767
1691,PACSIN3,ENSP00000298838
1692,SERPINA4,ENSP00000298841
1693,PSMC3,ENSP00000298852
1694,CPSF2,ENSP00000298875
1695,CLMN,ENSP00000298912
1696,PTER,ENSP00000298942
1697,JAM3,ENSP00000299106
1698,VPS35,ENSP00000299138
1699,IKBIP,ENSP00000299157
1700,NDUFB8,ENSP00000299166
1701,PHKB,ENSP00000299167
1702,HEATR3,ENSP00000299192
1703,CKB,ENSP00000299198
1704,BAG5,ENSP00000299204
1705,PLEKHA5,ENSP00000299275
1706,PCBD1,ENSP00000299299
1707,CCT2,ENSP00000299300
1708,C2,ENSP00000299367
1709,ILK,ENSP00000299421
1710,TPP1,ENSP00000299427
1711,CYB5R2,ENSP00000299498
1712,IDH3A,ENSP00000299518
1713,TMX3,ENSP00000299608
1714,MFAP4,ENSP00000299610
1715,HDGFL3,ENSP00000299633
1716,TMED3,ENSP00000299705
1717,CENPV,ENSP00000299736
1718,HSP90B1,ENSP00000299767
1719,COG1,ENSP00000299886
1720,CASC4,ENSP00000299957
1721,NNMT,ENSP00000299964
1722,SLFN5,ENSP00000299977
1723,AP1G1,ENSP00000299980
1724,PPIB,ENSP00000300026
1725,CIAO2A,ENSP00000300030
1726,MYH11,ENSP00000300036
1727,LDHD,ENSP00000300051
1728,PLIN1,ENSP00000300055
1729,ANPEP,ENSP00000300060
1730,TERF2IP,ENSP00000300086
1731,DCTN5,ENSP00000300087
1732,CLPX,ENSP00000300107
1733,MYO1A,ENSP00000300119
1734,STAT6,ENSP00000300134
1735,PATL1,ENSP00000300146
1736,MRPL16,ENSP00000300151
1737,YWHAB,ENSP00000300161
1738,AGFG2,ENSP00000300176
1739,TSC22D4,ENSP00000300181
1740,MAP1A,ENSP00000300231
1741,PDIA3,ENSP00000300289
1742,NUDT21,ENSP00000300291
1743,PHB,ENSP00000300408
1744,SNRPD1,ENSP00000300413
1745,LRSAM1,ENSP00000300417
1746,ACSF2,ENSP00000300441
1747,SLC27A4,ENSP00000300456
1748,COL6A2,ENSP00000300527
1749,CRK,ENSP00000300574
1750,TBC1D2B,ENSP00000300584
1751,HDHD2,ENSP00000300605
1752,GCN1,ENSP00000300648
1753,RNF214,ENSP00000300650
1754,ATP5MG,ENSP00000300688
1755,STIM1,ENSP00000300737
1756,RRM1,ENSP00000300738
1757,FN3K,ENSP00000300784
1758,CA4,ENSP00000300900
1759,RAB8A,ENSP00000300935
1760,MVD,ENSP00000301012
1761,TRAPPC2L,ENSP00000301021
1762,RAB34,ENSP00000301043
1763,TUBA1C,ENSP00000301072
1764,GPD1,ENSP00000301149
1765,DIP2B,ENSP00000301180
1766,CDC42EP5,ENSP00000301200
1767,PPP1R14A,ENSP00000301242
1768,C19orf33,ENSP00000301246
1769,DAPK3,ENSP00000301264
1770,UBXN6,ENSP00000301281
1771,GLOD4,ENSP00000301329
1772,TSR1,ENSP00000301364
1773,PRDX2,ENSP00000301522
1774,MRPL58,ENSP00000301585
1775,ATP5PD,ENSP00000301587
1776,GHDC,ENSP00000301671
1777,FAM234A,ENSP00000301678
1778,ECI1,ENSP00000301729
1779,RNPS1,ENSP00000301730
1780,SRRM2,ENSP00000301740
1781,DDB1,ENSP00000301764
1782,POLR2G,ENSP00000301788
1783,FADD,ENSP00000301838
1784,CTTN,ENSP00000301843
1785,LTBP3,ENSP00000301873
1786,MFF,ENSP00000302037
1787,RNASE6,ENSP00000302046
1788,LGALS4,ENSP00000302100
1789,SYNPO,ENSP00000302139
1790,LSM3,ENSP00000302160
1791,ASPSCR1,ENSP00000302176
1792,USP8,ENSP00000302239
1793,RNASE3,ENSP00000302324
1794,POLR1D,ENSP00000302478
1795,MAP2K1,ENSP00000302486
1796,COL11A1,ENSP00000302551
1797,BCL2L1,ENSP00000302564
1798,MACROH2A1,ENSP00000302572
1799,LRATD2,ENSP00000302578
1800,LRG1,ENSP00000302621
1801,UBTF,ENSP00000302640
1802,GIMAP1,ENSP00000302833
1803,GPS1,ENSP00000302873
1804,PA2G4,ENSP00000302886
1805,RRM2,ENSP00000302955
1806,HSPA4,ENSP00000302961
1807,FIP1L1,ENSP00000302993
1808,KARS1,ENSP00000303043
1809,PPIC,ENSP00000303057
1810,VAT1L,ENSP00000303129
1811,TMED10,ENSP00000303145
1812,MAT2A,ENSP00000303147
1813,MTCH2,ENSP00000303222
1814,RNASE2,ENSP00000303276
1815,ITGB1,ENSP00000303351
1816,DCXR,ENSP00000303356
1817,LMAN2,ENSP00000303366
1818,FNTA,ENSP00000303423
1819,PDS5A,ENSP00000303427
1820,BCR,ENSP00000303507
1821,CBR4,ENSP00000303525
1822,ANKMY2,ENSP00000303570
1823,NUDT9,ENSP00000303575
1824,NKIRAS2,ENSP00000303580
1825,PPID,ENSP00000303754
1826,LUZP1,ENSP00000303758
1827,INSR,ENSP00000303830
1828,TWF2,ENSP00000303908
1829,MZB1,ENSP00000303920
1830,UBXN1,ENSP00000303991
1831,TMEM43,ENSP00000303992
1832,STARD5,ENSP00000304032
1833,FAM83B,ENSP00000304078
1834,COPS6,ENSP00000304102
1835,SCG2,ENSP00000304133
1836,HINT1,ENSP00000304229
1837,CD14,ENSP00000304236
1838,REG3A,ENSP00000304311
1839,PRPF8,ENSP00000304350
1840,CDC40,ENSP00000304370
1841,HNRNPR,ENSP00000304405
1842,COL3A1,ENSP00000304408
1843,SNX7,ENSP00000304429
1844,THOP1,ENSP00000304467
1845,COMMD5,ENSP00000304544
1846,FASN,ENSP00000304592
1847,CTNNA1,ENSP00000304669
1848,THAP11,ENSP00000304689
1849,CES3,ENSP00000304782
1850,DTYMK,ENSP00000304802
1851,NKRF,ENSP00000304803
1852,NUDCD2,ENSP00000304854
1853,CD2BP2,ENSP00000304903
1854,GAP43,ENSP00000305010
1855,GIMAP8,ENSP00000305107
1856,TRIM56,ENSP00000305161
1857,HS1BP3,ENSP00000305193
1858,SRP9,ENSP00000305230
1859,STX8,ENSP00000305255
1860,GNB2,ENSP00000305260
1861,COG7,ENSP00000305442
1862,FEN1,ENSP00000305480
1863,ASCC2,ENSP00000305502
1864,NUP62,ENSP00000305503
1865,PCBP1,ENSP00000305556
1866,LETM1,ENSP00000305653
1867,CAVIN2,ENSP00000305675
1868,GAA,ENSP00000305692
1869,HOOK3,ENSP00000305699
1870,SF3B3,ENSP00000305790
1871,STX18,ENSP00000305810
1872,RBPJ,ENSP00000305815
1873,PALM2AKAP2,ENSP00000305861
1874,STIP1,ENSP00000305958
1875,ATP5ME,ENSP00000306003
1876,ARF4,ENSP00000306010
1877,SYNPO2,ENSP00000306015
1878,MRM3,ENSP00000306080
1879,FGB,ENSP00000306099
1880,DDX19A,ENSP00000306117
1881,LGALS9,ENSP00000306228
1882,GON7,ENSP00000306320
1883,YWHAG,ENSP00000306330
1884,MYO1B,ENSP00000306382
1885,UQCRFS1,ENSP00000306397
1886,BTD,ENSP00000306477
1887,MRPL13,ENSP00000306548
1888,ISG20,ENSP00000306565
1889,CERS6,ENSP00000306579
1890,ADH1B,ENSP00000306606
1891,PPIH,ENSP00000306614
1892,NUDT16L1,ENSP00000306670
1893,PTPRC,ENSP00000306782
1894,RBKS,ENSP00000306817
1895,AVEN,ENSP00000306822
1896,SEC23A,ENSP00000306881
1897,TMEM126A,ENSP00000306887
1898,NFU1,ENSP00000306965
1899,SDC2,ENSP00000307046
1900,KIF5B,ENSP00000307078
1901,LAMB2,ENSP00000307156
1902,ASL,ENSP00000307188
1903,BPTF,ENSP00000307208
1904,NAT1,ENSP00000307218
1905,PDHB,ENSP00000307241
1906,TBL2,ENSP00000307260
1907,IRF2BP1,ENSP00000307265
1908,RPTOR,ENSP00000307272
1909,SCAMP3,ENSP00000307275
1910,MCM7,ENSP00000307288
1911,CAVIN3,ENSP00000307292
1912,SUCLG2,ENSP00000307432
1913,WDR48,ENSP00000307491
1914,CALB2,ENSP00000307508
1915,MRC2,ENSP00000307513
1916,NMD3,ENSP00000307525
1917,QARS1,ENSP00000307567
1918,VPS50,ENSP00000307666
1919,CANT1,ENSP00000307674
1920,H1-4,ENSP00000307705
1921,CYBC1,ENSP00000307765
1922,DRAP1,ENSP00000307850
1923,SLC22A18,ENSP00000307859
1924,U2AF2,ENSP00000307863
1925,RPL13,ENSP00000307889
1926,GLUL,ENSP00000307900
1927,GCC2,ENSP00000307939
1928,EEF2,ENSP00000307940
1929,CYP2S1,ENSP00000308032
1930,SUGT1,ENSP00000308067
1931,CD248,ENSP00000308117
1932,CD36,ENSP00000308165
1933,WDR3,ENSP00000308179
1934,RNASEH2C,ENSP00000308193
1935,MMP14,ENSP00000308208
1936,HMGA1,ENSP00000308227
1937,COMMD1,ENSP00000308236
1938,MRPL38,ENSP00000308275
1939,DMAC2L,ENSP00000308334
1940,MLKL,ENSP00000308351
1941,LEMD3,ENSP00000308369
1942,LSP1,ENSP00000308383
1943,CELF1,ENSP00000308386
1944,CYB5B,ENSP00000308430
1945,PBLD,ENSP00000308466
1946,LRCH1,ENSP00000308493
1947,KRAS,ENSP00000308495
1948,DCAKD,ENSP00000308515
1949,F2,ENSP00000308541
1950,MEPCE,ENSP00000308546
1951,AGR3,ENSP00000308606
1952,GPD2,ENSP00000308610
1953,MRPL48,ENSP00000308717
1954,TMOD3,ENSP00000308753
1955,SULT1B1,ENSP00000308770
1956,ANKS4B,ENSP00000308772
1957,MRPS12,ENSP00000308845
1958,MRPL11,ENSP00000308897
1959,PLG,ENSP00000308938
1960,VCPIP1,ENSP00000309031
1961,GMPPB,ENSP00000309092
1962,PDE12,ENSP00000309142
1963,UBE3C,ENSP00000309198
1964,USP48,ENSP00000309262
1965,DHX36,ENSP00000309296
1966,RPL15,ENSP00000309334
1967,CLTB,ENSP00000309415
1968,PIGS,ENSP00000309430
1969,RETREG3,ENSP00000309432
1970,PFKM,ENSP00000309438
1971,VPS41,ENSP00000309457
1972,PSMD1,ENSP00000309474
1973,ACO1,ENSP00000309477
1974,YWHAZ,ENSP00000309503
1975,TP53I11,ENSP00000309532
1976,HCFC1,ENSP00000309555
1977,UQCRH,ENSP00000309565
1978,LGALS8,ENSP00000309576
1979,GAPVD1,ENSP00000309582
1980,PRKACA,ENSP00000309591
1981,CFL1,ENSP00000309629
1982,LRCH4,ENSP00000309689
1983,SH3PXD2B,ENSP00000309714
1984,MRGPRF,ENSP00000309782
1985,RPL38,ENSP00000309830
1986,EFEMP2,ENSP00000309953
1987,CD34,ENSP00000310036
1988,ZNF622,ENSP00000310042
1989,PTMS,ENSP00000310088
1990,LRRFIP1,ENSP00000310109
1991,HSPB7,ENSP00000310111
1992,PPP1R14B,ENSP00000310117
1993,IRF3,ENSP00000310127
1994,PSMD2,ENSP00000310129
1995,RAB1B,ENSP00000310226
1996,CKAP5,ENSP00000310227
1997,BANF1,ENSP00000310275
1998,CHMP2A,ENSP00000310440
1999,SART1,ENSP00000310448
2000,ARHGAP1,ENSP00000310491
2001,LCLAT1,ENSP00000310551
2002,PSMC5,ENSP00000310572
2003,LSM1,ENSP00000310596
2004,ISCU,ENSP00000310623
2005,NUP93,ENSP00000310668
2006,CCAR2,ENSP00000310670
2007,DDX23,ENSP00000310723
2008,HPCAL1,ENSP00000310749
2009,GRB7,ENSP00000310771
2010,CSRP2,ENSP00000310901
2011,MTRES1,ENSP00000310951
2012,CD3EAP,ENSP00000310966
2013,ARHGAP12,ENSP00000310984
2014,OXR1,ENSP00000311026
2015,RPS14,ENSP00000311028
2016,CASP3,ENSP00000311032
2017,JUP,ENSP00000311113
2018,RABL6,ENSP00000311134
2019,ATP5MD,ENSP00000311245
2020,VPS26C,ENSP00000311399
2021,RPL4,ENSP00000311430
2022,RAB6A,ENSP00000311449
2023,GSTM1,ENSP00000311469
2024,RSF1,ENSP00000311513
2025,PTGR1,ENSP00000311572
2026,PAAF1,ENSP00000311665
2027,PPP1R8,ENSP00000311677
2028,OXSR1,ENSP00000311713
2029,NDUFA11,ENSP00000311740
2030,RBM14,ENSP00000311747
2031,CTBP2,ENSP00000311825
2032,CARHSP1,ENSP00000311847
2033,GNPDA1,ENSP00000311876
2034,MGAT1,ENSP00000311888
2035,ETFB,ENSP00000311930
2036,GGA2,ENSP00000311962
2037,DUS3L,ENSP00000311977
2038,NAXD,ENSP00000311984
2039,HDLBP,ENSP00000312042
2040,AGFG1,ENSP00000312059
2041,SRP68,ENSP00000312066
2042,SSH3,ENSP00000312081
2043,PRG2,ENSP00000312134
2044,TNS3,ENSP00000312143
2045,ELMO1,ENSP00000312185
2046,ADPGK,ENSP00000312250
2047,GRK2,ENSP00000312262
2048,MSRB3,ENSP00000312274
2049,TPMT,ENSP00000312304
2050,MRPL46,ENSP00000312311
2051,ZNRD2,ENSP00000312318
2052,AOC3,ENSP00000312326
2053,TRMT10C,ENSP00000312356
2054,AIFM2,ENSP00000312370
2055,DAG1,ENSP00000312435
2056,AP1G2,ENSP00000312442
2057,CSPG4,ENSP00000312506
2058,DNAJB5,ENSP00000312517
2059,TMEM70,ENSP00000312599
2060,AKR1A1,ENSP00000312606
2061,NFYC,ENSP00000312617
2062,ACAD9,ENSP00000312618
2063,HP1BP3,ENSP00000312625
2064,EHBP1L1,ENSP00000312671
2065,MID1,ENSP00000312678
2066,DMAP1,ENSP00000312697
2067,RAB8B,ENSP00000312734
2068,POLR2B,ENSP00000312735
2069,CAMKK2,ENSP00000312741
2070,PPIE,ENSP00000312769
2071,GPHN,ENSP00000312771
2072,STAB1,ENSP00000312946
2073,USP39,ENSP00000312981
2074,NFKBIB,ENSP00000312988
2075,GNAI2,ENSP00000312999
2076,PABPC1,ENSP00000313007
2077,NIPSNAP2,ENSP00000313050
2078,WNK1,ENSP00000313059
2079,PPIP5K2,ENSP00000313070
2080,EXD2,ENSP00000313140
2081,NOP2,ENSP00000313272
2082,HNRNPD,ENSP00000313327
2083,SMAP1,ENSP00000313382
2084,RELL1,ENSP00000313385
2085,PRKDC,ENSP00000313420
2086,GRHPR,ENSP00000313432
2087,PFAS,ENSP00000313490
2088,TOMM5,ENSP00000313584
2089,CC2D1A,ENSP00000313601
2090,ABCF1,ENSP00000313603
2091,AAR2,ENSP00000313674
2092,SSNA1,ENSP00000313752
2093,KHDRBS1,ENSP00000313829
2094,PDS5B,ENSP00000313851
2095,CLPTM1L,ENSP00000313854
2096,CD46,ENSP00000313875
2097,MSRA,ENSP00000313921
2098,DNAJA2,ENSP00000314030
2099,ASTN2,ENSP00000314038
2100,PAK2,ENSP00000314067
2101,TRPT1,ENSP00000314073
2102,WDR75,ENSP00000314193
2103,CFHR1,ENSP00000314299
2104,DDX10,ENSP00000314348
2105,METTL1,ENSP00000314441
2106,GAK,ENSP00000314499
2107,GBA,ENSP00000314508
2108,UACA,ENSP00000314556
2109,ALDH5A1,ENSP00000314649
2110,TOLLIP,ENSP00000314733
2111,ARHGEF2,ENSP00000314787
2112,KLC2,ENSP00000314837
2113,CRAT,ENSP00000315013
2114,MRPL1,ENSP00000315017
2115,CLU,ENSP00000315130
2116,ITGA3,ENSP00000315190
2117,HOPX,ENSP00000315198
2118,GLTP,ENSP00000315263
2119,D2HGDH,ENSP00000315351
2120,ARL6IP6,ENSP00000315357
2121,PRPF3,ENSP00000315379
2122,POGLUT3,ENSP00000315386
2123,MRPS31,ENSP00000315397
2124,OSBPL3,ENSP00000315410
2125,EXOSC4,ENSP00000315476
2126,AVL9,ENSP00000315568
2127,DIS3L2,ENSP00000315569
2128,SWAP70,ENSP00000315630
2129,DNMBP,ENSP00000315659
2130,NOP14,ENSP00000315674
2131,BAIAP2,ENSP00000315685
2132,LCP1,ENSP00000315757
2133,STAT2,ENSP00000315768
2134,NDUFS8,ENSP00000315774
2135,CSTF3,ENSP00000315791
2136,GMPPA,ENSP00000315925
2137,AHCYL2,ENSP00000315931
2138,MRPL43,ENSP00000315948
2139,SCAMP4,ENSP00000316007
2140,TLN1,ENSP00000316029
2141,NUP98,ENSP00000316032
2142,HNRNPA0,ENSP00000316042
2143,VARS2,ENSP00000316092
2144,UBE2N,ENSP00000316176
2145,RBBP6,ENSP00000316291
2146,USP9X,ENSP00000316357
2147,PACS1,ENSP00000316454
2148,FYB1,ENSP00000316460
2149,KCTD14,ENSP00000316482
2150,GTPBP6,ENSP00000316598
2151,OSBPL2,ENSP00000316649
2152,IPO11,ENSP00000316651
2153,ARHGAP45,ENSP00000316772
2154,HSD11B2,ENSP00000316786
2155,PITPNA,ENSP00000316809
2156,ATOX1,ENSP00000316854
2157,SFXN1,ENSP00000316905
2158,ACSS1,ENSP00000316924
2159,TRAPPC5,ENSP00000316990
2160,SNRNP200,ENSP00000317123
2161,CYC1,ENSP00000317159
2162,FKBP10,ENSP00000317232
2163,LPCAT4,ENSP00000317300
2164,SSR4,ENSP00000317331
2165,TCP1,ENSP00000317334
2166,MRPS11,ENSP00000317376
2167,CHMP6,ENSP00000317468
2168,C16orf58,ENSP00000317579
2169,APOL1,ENSP00000317674
2170,RPP25,ENSP00000317691
2171,STX4,ENSP00000317714
2172,COX5A,ENSP00000317780
2173,PRR15,ENSP00000317836
2174,CES2,ENSP00000317842
2175,EEA1,ENSP00000317955
2176,ROCK2,ENSP00000317985
2177,NOC2L,ENSP00000317992
2178,RPP40,ENSP00000317998
2179,SET,ENSP00000318012
2180,WASHC5,ENSP00000318016
2181,ENPP4,ENSP00000318066
2182,BLOC1S4,ENSP00000318128
2183,OS9,ENSP00000318165
2184,PRKRA,ENSP00000318176
2185,FUBP3,ENSP00000318177
2186,NCL,ENSP00000318195
2187,DCAF8,ENSP00000318227
2188,RUVBL1,ENSP00000318297
2189,MPI,ENSP00000318318
2190,BCKDHB,ENSP00000318351
2191,RBMXL1,ENSP00000318415
2192,NCAM1,ENSP00000318472
2193,INPP5K,ENSP00000318476
2194,YME1L1,ENSP00000318480
2195,VPS37A,ENSP00000318629
2196,INTS3,ENSP00000318641
2197,RPS15A,ENSP00000318646
2198,HSPH1,ENSP00000318687
2199,TUBB6,ENSP00000318697
2200,KCNAB2,ENSP00000318772
2201,ANAPC4,ENSP00000318775
2202,CRLF3,ENSP00000318804
2203,SHMT1,ENSP00000318805
2204,BPNT1,ENSP00000318852
2205,SF3B2,ENSP00000318861
2206,BCL2L13,ENSP00000318883
2207,NOSTRIN,ENSP00000318921
2208,RAP2B,ENSP00000319096
2209,SUPT6H,ENSP00000319104
2210,CYBRD1,ENSP00000319141
2211,PRMT5,ENSP00000319169
2212,CHORDC1,ENSP00000319255
2213,BASP1,ENSP00000319281
2214,HIGD1A,ENSP00000319393
2215,ARMC10,ENSP00000319412
2216,MBNL1,ENSP00000319429
2217,CPN2,ENSP00000319464
2218,UGDH,ENSP00000319501
2219,GCSH,ENSP00000319531
2220,NUDC,ENSP00000319664
2221,TNS2,ENSP00000319684
2222,RCN2,ENSP00000319739
2223,RAB43,ENSP00000319781
2224,PODXL,ENSP00000319782
2225,PCK1,ENSP00000319814
2226,DEF6,ENSP00000319831
2227,CHDH,ENSP00000319851
2228,NDRG1,ENSP00000319977
2229,TMEM11,ENSP00000319992
2230,LYPLA1,ENSP00000320043
2231,CD276,ENSP00000320084
2232,ANO6,ENSP00000320087
2233,TRIP10,ENSP00000320117
2234,NUCB2,ENSP00000320168
2235,PKM,ENSP00000320171
2236,HCLS1,ENSP00000320176
2237,MRPS23,ENSP00000320184
2238,IGF2BP2,ENSP00000320204
2239,TIMM22,ENSP00000320236
2240,OSBPL1A,ENSP00000320291
2241,FARSA,ENSP00000320309
2242,NPEPPS,ENSP00000320324
2243,LILRB5,ENSP00000320390
2244,UGT2B17,ENSP00000320401
2245,RAB23,ENSP00000320413
2246,ARID1A,ENSP00000320485
2247,EDC3,ENSP00000320503
2248,EHD1,ENSP00000320516
2249,MRPS33,ENSP00000320567
2250,MYLK,ENSP00000320622
2251,ACSF3,ENSP00000320646
2252,YARS2,ENSP00000320658
2253,EML4,ENSP00000320663
2254,KIF1C,ENSP00000320821
2255,EPS8L2,ENSP00000320828
2256,CALR,ENSP00000320866
2257,SPAST,ENSP00000320885
2258,KRI1,ENSP00000320917
2259,WIPF2,ENSP00000320924
2260,CNOT1,ENSP00000320949
2261,ME2,ENSP00000321070
2262,ATP11B,ENSP00000321195
2263,TALDO1,ENSP00000321259
2264,HGH1,ENSP00000321320
2265,LPA,ENSP00000321334
2266,STRBP,ENSP00000321347
2267,RAD23A,ENSP00000321365
2268,LLGL1,ENSP00000321537
2269,KBTBD11,ENSP00000321544
2270,IMPDH2,ENSP00000321584
2271,MIF4GD,ENSP00000321625
2272,GATD1,ENSP00000321691
2273,TACC1,ENSP00000321703
2274,GEMIN4,ENSP00000321706
2275,MROH1,ENSP00000321737
2276,PDLIM5,ENSP00000321746
2277,STXBP5,ENSP00000321826
2278,SEC24C,ENSP00000321845
2279,SERPINF2,ENSP00000321853
2280,B3GNT3,ENSP00000321874
2281,RHOT2,ENSP00000321971
2282,SULT1A1,ENSP00000321988
2283,SLC25A22,ENSP00000322020
2284,PUF60,ENSP00000322036
2285,C7,ENSP00000322061
2286,RTN4,ENSP00000322147
2287,AK4,ENSP00000322175
2288,SORBS2,ENSP00000322182
2289,OLFML3,ENSP00000322273
2290,COQ7,ENSP00000322316
2291,RRS1,ENSP00000322396
2292,RPLP2,ENSP00000322419
2293,TUFM,ENSP00000322439
2294,NDUFV1,ENSP00000322450
2295,C3orf38,ENSP00000322469
2296,DCTPP1,ENSP00000322524
2297,GAS7,ENSP00000322608
2298,HMGCS1,ENSP00000322706
2299,GLYR1,ENSP00000322716
2300,ITM2C,ENSP00000322730
2301,ZNF207,ENSP00000322777
2302,CIRBP,ENSP00000322887
2303,FHL2,ENSP00000322909
2304,FARP1,ENSP00000322926
2305,SCRIB,ENSP00000322938
2306,BCAT2,ENSP00000322991
2307,EXOSC3,ENSP00000323046
2308,MTG1,ENSP00000323047
2309,GADD45GIP1,ENSP00000323065
2310,NDUFAF3,ENSP00000323076
2311,ZKSCAN1,ENSP00000323148
2312,C18orf32,ENSP00000323199
2313,PDIA5,ENSP00000323313
2314,EXOC3,ENSP00000323377
2315,SMC1A,ENSP00000323421
2316,SMC6,ENSP00000323439
2317,STAU1,ENSP00000323443
2318,PNKP,ENSP00000323511
2319,ITLN1,ENSP00000323587
2320,ZBTB7A,ENSP00000323670
2321,ZADH2,ENSP00000323678
2322,UBE2O,ENSP00000323687
2323,CRTAP,ENSP00000323696
2324,CCDC43,ENSP00000323782
2325,SLC4A1AP,ENSP00000323837
2326,PLEC,ENSP00000323856
2327,PRKAG1,ENSP00000323867
2328,TRIM25,ENSP00000323889
2329,A2M,ENSP00000323929
2330,SMARCE1,ENSP00000323967
2331,KIF15,ENSP00000324020
2332,CD151,ENSP00000324101
2333,PRPF31,ENSP00000324122
2334,POLR2L,ENSP00000324124
2335,HSPA5,ENSP00000324173
2336,MTURN,ENSP00000324204
2337,CHMP4A,ENSP00000324205
2338,ACAP2,ENSP00000324287
2339,ZYX,ENSP00000324422
2340,YLPM1,ENSP00000324463
2341,GYPA,ENSP00000324483
2342,CHMP7,ENSP00000324491
2343,SEPTIN1,ENSP00000324511
2344,MYO1D,ENSP00000324527
2345,LAMA3,ENSP00000324532
2346,FLII,ENSP00000324573
2347,NAPG,ENSP00000324628
2348,YES1,ENSP00000324740
2349,NFATC2IP,ENSP00000324792
2350,PPP2R1A,ENSP00000324804
2351,MVB12A,ENSP00000324810
2352,AACS,ENSP00000324842
2353,COPG1,ENSP00000325002
2354,NCAPD2,ENSP00000325017
2355,CHID1,ENSP00000325055
2356,HADHB,ENSP00000325136
2357,COL12A1,ENSP00000325146
2358,LASP1,ENSP00000325240
2359,TTC9C,ENSP00000325266
2360,METAP2,ENSP00000325312
2361,MAP1S,ENSP00000325313
2362,AP3S1,ENSP00000325369
2363,HNRNPM,ENSP00000325376
2364,WDR33,ENSP00000325377
2365,INPP1,ENSP00000325423
2366,MAT2B,ENSP00000325425
2367,FBN1,ENSP00000325527
2368,CNDP2,ENSP00000325548
2369,RUFY1,ENSP00000325594
2370,PARP10,ENSP00000325618
2371,RNF40,ENSP00000325677
2372,CARM1,ENSP00000325690
2373,SEC16A,ENSP00000325827
2374,MRE11,ENSP00000325863
2375,HSP90AB1,ENSP00000325875
2376,SRSF7,ENSP00000325905
2377,PSMG2,ENSP00000325919
2378,PTPMT1,ENSP00000325958
2379,PTPN6,ENSP00000326010
2380,LARP4B,ENSP00000326128
2381,DHRS4,ENSP00000326219
2382,SLC25A20,ENSP00000326305
2383,ELMOD2,ENSP00000326342
2384,INTS14,ENSP00000326379
2385,EIF4A2,ENSP00000326381
2386,CWF19L1,ENSP00000326411
2387,NADSYN1,ENSP00000326424
2388,EXOC1,ENSP00000326514
2389,THOC6,ENSP00000326531
2390,VPS39,ENSP00000326534
2391,HCCS,ENSP00000326579
2392,SMCHD1,ENSP00000326603
2393,PLEKHO2,ENSP00000326706
2394,CUL1,ENSP00000326804
2395,NCBP2,ENSP00000326806
2396,NT5DC1,ENSP00000326858
2397,LMNB2,ENSP00000327054
2398,MDH2,ENSP00000327070
2399,PCM1,ENSP00000327077
2400,EHD3,ENSP00000327116
2401,FLNC,ENSP00000327145
2402,UTP4,ENSP00000327179
2403,PPM1A,ENSP00000327255
2404,NDUFV2,ENSP00000327268
2405,BGN,ENSP00000327336
2406,SETD3,ENSP00000327436
2407,SMDT1,ENSP00000327467
2408,RANBP1,ENSP00000327583
2409,CRADD,ENSP00000327647
2410,PSMF1,ENSP00000327704
2411,P4HB,ENSP00000327801
2412,XPOT,ENSP00000327821
2413,FILIP1L,ENSP00000327880
2414,INTS5,ENSP00000327889
2415,SRPRA,ENSP00000328023
2416,WASHC4,ENSP00000328062
2417,ARHGEF37,ENSP00000328083
2418,PAWR,ENSP00000328088
2419,C1S,ENSP00000328173
2420,RIOX2,ENSP00000328251
2421,RNF123,ENSP00000328287
2422,PTTG1IP,ENSP00000328325
2423,DEFA3,ENSP00000328359
2424,DGKA,ENSP00000328405
2425,CRIP2,ENSP00000328521
2426,GLRX5,ENSP00000328570
2427,BRCC3,ENSP00000328641
2428,MOB2,ENSP00000328694
2429,FOXK1,ENSP00000328720
2430,SELENOF,ENSP00000328729
2431,RBM10,ENSP00000328848
2432,NOC4L,ENSP00000328854
2433,PYCR1,ENSP00000328858
2434,TSPO,ENSP00000328973
2435,PAXBP1,ENSP00000328992
2436,HAX1,ENSP00000329002
2437,PPP2R5C,ENSP00000329009
2438,PHF6,ENSP00000329097
2439,FMNL1,ENSP00000329219
2440,IGLL1,ENSP00000329312
2441,SP1,ENSP00000329357
2442,SERPINA7,ENSP00000329374
2443,COPB2,ENSP00000329419
2444,SMTN,ENSP00000329532
2445,H1-10,ENSP00000329662
2446,ATP2C1,ENSP00000329664
2447,EPB41L5,ENSP00000329687
2448,DRG1,ENSP00000329715
2449,CADM1,ENSP00000329797
2450,PPME1,ENSP00000329867
2451,DEFA5,ENSP00000329890
2452,PSMG1,ENSP00000329915
2453,TBK1,ENSP00000329967
2454,PROS1,ENSP00000330021
2455,UPP1,ENSP00000330032
2456,EEF1A1,ENSP00000330054
2457,CNOT10,ENSP00000330060
2458,H1-5,ENSP00000330074
2459,GGT5,ENSP00000330080
2460,RSRC2,ENSP00000330188
2461,TRAPPC6B,ENSP00000330289
2462,DDX41,ENSP00000330349
2463,PTRHD1,ENSP00000330389
2464,CXorf38,ENSP00000330488
2465,NSMCE3,ENSP00000330694
2466,COA5,ENSP00000330730
2467,NDUFA12,ENSP00000330737
2468,NDUFB1,ENSP00000330787
2469,GLRX3,ENSP00000330836
2470,PGP,ENSP00000330918
2471,TMED9,ENSP00000330945
2472,RPS27L,ENSP00000331019
2473,TSSC4,ENSP00000331087
2474,HGS,ENSP00000331201
2475,C11orf54,ENSP00000331209
2476,STING1,ENSP00000331288
2477,RAB11FIP1,ENSP00000331342
2478,SERPINB8,ENSP00000331368
2479,NPLOC4,ENSP00000331487
2480,FBLN1,ENSP00000331544
2481,PRKCD,ENSP00000331602
2482,PKP3,ENSP00000331678
2483,METTL7A,ENSP00000331787
2484,MRPL54,ENSP00000331849
2485,PRMT3,ENSP00000331879
2486,IDH2,ENSP00000331897
2487,EEF1G,ENSP00000331901
2488,CROT,ENSP00000331981
2489,CARMIL1,ENSP00000331983
2490,CFD,ENSP00000332139
2491,NOP10,ENSP00000332198
2492,CRELD2,ENSP00000332223
2493,ALDH1A3,ENSP00000332256
2494,TNFAIP2,ENSP00000332326
2495,DDX28,ENSP00000332340
2496,KPNA2,ENSP00000332455
2497,OLFML1,ENSP00000332511
2498,MFSD10,ENSP00000332646
2499,PURA,ENSP00000332706
2500,TANGO2,ENSP00000332721
2501,H2AC21,ENSP00000332790
2502,PTK2B,ENSP00000332816
2503,NR2C2AP,ENSP00000332823
2504,UQCR10,ENSP00000332887
2505,NFXL1,ENSP00000333113
2506,RGS19,ENSP00000333194
2507,SERPINA5,ENSP00000333203
2508,UBA7,ENSP00000333266
2509,LAMP1,ENSP00000333298
2510,MRPL40,ENSP00000333401
2511,RAB11B,ENSP00000333547
2512,PLPBP,ENSP00000333551
2513,MTA1,ENSP00000333633
2514,SLC52A2,ENSP00000333638
2515,MX2,ENSP00000333657
2516,ACAA1,ENSP00000333664
2517,ADI1,ENSP00000333666
2518,SHMT2,ENSP00000333667
2519,BSG,ENSP00000333769
2520,CMTM4,ENSP00000333833
2521,MRPL12,ENSP00000333837
2522,CIB1,ENSP00000333873
2523,RPS6KA4,ENSP00000333896
2524,NEXN,ENSP00000333938
2525,COQ6,ENSP00000333946
2526,PARVA,ENSP00000334008
2527,EMC10,ENSP00000334037
2528,LGMN,ENSP00000334052
2529,HDAC6,ENSP00000334061
2530,EXOC7,ENSP00000334100
2531,RFTN1,ENSP00000334153
2532,PFDN5,ENSP00000334188
2533,C2CD5,ENSP00000334229
2534,HLA-F,ENSP00000334263
2535,TACC2,ENSP00000334280
2536,KPNA4,ENSP00000334373
2537,AMACR,ENSP00000334424
2538,GNG2,ENSP00000334448
2539,SREK1,ENSP00000334538
2540,PPIL2,ENSP00000334553
2541,PES1,ENSP00000334612
2542,RHOT1,ENSP00000334724
2543,PITPNB,ENSP00000334738
2544,PKM,ENSP00000334983
2545,ARID2,ENSP00000335044
2546,FAM91A1,ENSP00000335082
2547,PPP1CC,ENSP00000335084
2548,ATP5IF1,ENSP00000335203
2549,ENTPD5,ENSP00000335246
2550,STARD10,ENSP00000335247
2551,TMLHE,ENSP00000335261
2552,DLST,ENSP00000335304
2553,SF3B1,ENSP00000335321
2554,PIP5K1C,ENSP00000335333
2555,CDC42BPA,ENSP00000335341
2556,TRAPPC11,ENSP00000335371
2557,PLCH1,ENSP00000335469
2558,PLCD1,ENSP00000335600
2559,CHP1,ENSP00000335632
2560,PSME3IP1,ENSP00000335808
2561,SEC13,ENSP00000336566
2562,ACOT9,ENSP00000336580
2563,P2RX4,ENSP00000336607
2564,AP1S1,ENSP00000336666
2565,CBX3,ENSP00000336687
2566,TNPO1,ENSP00000336712
2567,LARP1,ENSP00000336721
2568,TBC1D22A,ENSP00000336724
2569,DHX15,ENSP00000336741
2570,HIP1,ENSP00000336747
2571,ANG,ENSP00000336762
2572,SYNM,ENSP00000336775
2573,EIF5A,ENSP00000336776
2574,SLK,ENSP00000336824
2575,PLS1,ENSP00000336831
2576,HMG20A,ENSP00000336856
2577,RBBP9,ENSP00000336866
2578,SLC44A2,ENSP00000336888
2579,ARHGAP10,ENSP00000336923
2580,CPNE1,ENSP00000336945
2581,CLPTM1,ENSP00000336994
2582,SEL1L,ENSP00000337053
2583,ZFYVE16,ENSP00000337159
2584,PRPF4B,ENSP00000337194
2585,LIPA,ENSP00000337354
2586,ZFP36L1,ENSP00000337386
2587,UNG,ENSP00000337398
2588,PCID2,ENSP00000337405
2589,NXN,ENSP00000337443
2590,ELAC2,ENSP00000337445
2591,AGPAT1,ENSP00000337463
2592,SRA1,ENSP00000337513
2593,RNASEH2B,ENSP00000337623
2594,PPP2R5E,ENSP00000337641
2595,SEC62,ENSP00000337688
2596,AKAP1,ENSP00000337736
2597,RAB27A,ENSP00000337761
2598,MPP7,ENSP00000337907
2599,SUGP2,ENSP00000337926
2600,DNAJB2,ENSP00000338019
2601,SPRYD4,ENSP00000338034
2602,TBXAS1,ENSP00000338087
2603,SNTB2,ENSP00000338191
2604,MTDH,ENSP00000338235
2605,CDC42EP4,ENSP00000338258
2606,ROMO1,ENSP00000338293
2607,SGCD,ENSP00000338343
2608,SNCA,ENSP00000338345
2609,UBE2G2,ENSP00000338348
2610,UBA1,ENSP00000338413
2611,CYB5R3,ENSP00000338461
2612,HNRNPF,ENSP00000338477
2613,EPB41L2,ENSP00000338481
2614,FNDC3B,ENSP00000338523
2615,STX3,ENSP00000338562
2616,THEM6,ENSP00000338607
2617,UGP2,ENSP00000338703
2618,ATXN2L,ENSP00000338718
2619,NECAP2,ENSP00000338746
2620,ZC3H15,ENSP00000338788
2621,BRIX1,ENSP00000338862
2622,EZR,ENSP00000338934
2623,TUBB,ENSP00000339001
2624,GRB2,ENSP00000339007
2625,ATAD1,ENSP00000339016
2626,RPLP0,ENSP00000339027
2627,TPM3,ENSP00000339035
2628,VIPAS39,ENSP00000339122
2629,RRP1B,ENSP00000339145
2630,CPM,ENSP00000339157
2631,AIDA,ENSP00000339161
2632,CAV1,ENSP00000339191
2633,YTHDC1,ENSP00000339245
2634,TRIO,ENSP00000339299
2635,BABAM2,ENSP00000339371
2636,CRYZ,ENSP00000339399
2637,RHOG,ENSP00000339467
2638,NT5C2,ENSP00000339479
2639,NELFB,ENSP00000339495
2640,RSU1,ENSP00000339521
2641,POP1,ENSP00000339529
2642,THUMPD3,ENSP00000339532
2643,H1-2,ENSP00000339566
2644,ANK1,ENSP00000339620
2645,TRIM2,ENSP00000339659
2646,CD82,ENSP00000339686
2647,NDUFA4,ENSP00000339720
2648,THBS4,ENSP00000339730
2649,RPL7,ENSP00000339795
2650,MIOS,ENSP00000339881
2651,NISCH,ENSP00000339958
2652,HSPD1,ENSP00000340019
2653,LIMA1,ENSP00000340184
2654,CORO1B,ENSP00000340211
2655,KLC4,ENSP00000340221
2656,MAP3K20,ENSP00000340257
2657,ACOT11,ENSP00000340260
2658,PARK7,ENSP00000340278
2659,EIF4G2,ENSP00000340281
2660,CAPRIN1,ENSP00000340329
2661,ERMP1,ENSP00000340427
2662,S100A14,ENSP00000340463
2663,PPL,ENSP00000340510
2664,ARMCX3,ENSP00000340672
2665,MAOA,ENSP00000340684
2666,GLS,ENSP00000340689
2667,TBC1D23,ENSP00000340693
2668,GIPC1,ENSP00000340698
2669,BRI3BP,ENSP00000340761
2670,ZNF326,ENSP00000340796
2671,TRIM3,ENSP00000340797
2672,GTF2F2,ENSP00000340823
2673,OSTF1,ENSP00000340836
2674,PVR,ENSP00000340870
2675,ASH2L,ENSP00000340896
2676,MIA3,ENSP00000340900
2677,ATP2B4,ENSP00000340930
2678,PTPN11,ENSP00000340944
2679,TEX264,ENSP00000340969
2680,SFN,ENSP00000340989
2681,CDC42,ENSP00000341072
2682,MRPL20,ENSP00000341082
2683,SDSL,ENSP00000341117
2684,PTN,ENSP00000341170
2685,STAT5A,ENSP00000341208
2686,TRADD,ENSP00000341268
2687,TUBB4B,ENSP00000341289
2688,GGA1,ENSP00000341344
2689,ERGIC3,ENSP00000341358
2690,COBLL1,ENSP00000341360
2691,SMC4,ENSP00000341382
2692,ABHD12,ENSP00000341408
2693,SEPTIN6,ENSP00000341524
2694,SMAD4,ENSP00000341551
2695,FAM114A2,ENSP00000341597
2696,C15orf48,ENSP00000341610
2697,THYN1,ENSP00000341657
2698,NADK,ENSP00000341679
2699,DTNBP1,ENSP00000341680
2700,DAP3,ENSP00000341692
2701,AKT1S1,ENSP00000341698
2702,ENSA,ENSP00000341743
2703,SYNE2,ENSP00000341781
2704,GOLGB1,ENSP00000341848
2705,RPS2,ENSP00000341885
2706,RASAL3,ENSP00000341905
2707,PALM,ENSP00000341911
2708,ENG,ENSP00000341917
2709,XRCC4,ENSP00000342011
2710,PRDX6,ENSP00000342026
2711,BPGM,ENSP00000342032
2712,CS,ENSP00000342056
2713,CTSB,ENSP00000342070
2714,SLPI,ENSP00000342082
2715,LMO7,ENSP00000342112
2716,DMBT1,ENSP00000342210
2717,SLC25A15,ENSP00000342267
2718,OAS2,ENSP00000342278
2719,MED22,ENSP00000342343
2720,SNRPD2,ENSP00000342374
2721,BAZ1B,ENSP00000342434
2722,ATP9A,ENSP00000342481
2723,PARVB,ENSP00000342492
2724,PYCR2,ENSP00000342502
2725,IL4I1,ENSP00000342557
2726,PPM1G,ENSP00000342778
2727,RPL28,ENSP00000342787
2728,PKP2,ENSP00000342800
2729,SERPINA6,ENSP00000342850
2730,FERMT2,ENSP00000342858
2731,ADNP,ENSP00000342905
2732,SRSF10,ENSP00000342913
2733,SDCBP2,ENSP00000342935
2734,ATP6V0A1,ENSP00000342951
2735,SERINC1,ENSP00000342962
2736,CLYBL,ENSP00000342991
2737,B3GLCT,ENSP00000343002
2738,GNAI1,ENSP00000343027
2739,HM13,ENSP00000343032
2740,HMGB1,ENSP00000343040
2741,RBM5,ENSP00000343054
2742,JAK1,ENSP00000343204
2743,ATG5,ENSP00000343313
2744,ANKFY1,ENSP00000343362
2745,EIF4G1,ENSP00000343450
2746,BCAP31,ENSP00000343458
2747,USP7,ENSP00000343535
2748,PRRC2C,ENSP00000343629
2749,MEAK7,ENSP00000343635
2750,MCCC2,ENSP00000343657
2751,DPYSL3,ENSP00000343690
2752,KPNA1,ENSP00000343701
2753,MTMR2,ENSP00000343737
2754,BROX,ENSP00000343742
2755,DICER1,ENSP00000343745
2756,CORO2A,ENSP00000343746
2757,UGT1A10,ENSP00000343838
2758,MRRF,ENSP00000343867
2759,PPA2,ENSP00000343885
2760,SMARCA4,ENSP00000343896
2761,PRELP,ENSP00000343924
2762,HEPH,ENSP00000343939
2763,PSPC1,ENSP00000343966
2764,TRIM14,ENSP00000343990
2765,NUDT2,ENSP00000344187
2766,RNASE1,ENSP00000344193
2767,PDPK1,ENSP00000344220
2768,UBE2L3,ENSP00000344259
2769,FOCAD,ENSP00000344307
2770,DPM3,ENSP00000344338
2771,MBOAT7,ENSP00000344377
2772,CTNNB1,ENSP00000344456
2773,H1-0,ENSP00000344504
2774,PTMA,ENSP00000344547
2775,FIBP,ENSP00000344572
2776,APOL3,ENSP00000344577
2777,CDK5RAP3,ENSP00000344683
2778,STAMBP,ENSP00000344742
2779,S100A13,ENSP00000344822
2780,SLC25A40,ENSP00000344831
2781,SEPTIN7,ENSP00000344868
2782,FBLN5,ENSP00000345008
2783,CSRP1,ENSP00000345079
2784,MAP2K3,ENSP00000345083
2785,RPL14,ENSP00000345156
2786,APOD,ENSP00000345179
2787,UBQLN2,ENSP00000345195
2788,EPB41,ENSP00000345259
2789,NDRG3,ENSP00000345292
2790,PTGES2,ENSP00000345341
2791,CTSL,ENSP00000345344
2792,PAPLN,ENSP00000345395
2793,CPSF7,ENSP00000345412
2794,SAMM50,ENSP00000345445
2795,PARN,ENSP00000345456
2796,PLSCR1,ENSP00000345494
2797,SLC35F6,ENSP00000345528
2798,RAB5C,ENSP00000345689
2799,DLGAP4,ENSP00000345700
2800,TOR1A,ENSP00000345719
2801,DLG1,ENSP00000345731
2802,DNMT1,ENSP00000345739
2803,ZC3H7B,ENSP00000345793
2804,ANP32B,ENSP00000345848
2805,SLC26A3,ENSP00000345873
2806,NUP50,ENSP00000345895
2807,LYAR,ENSP00000345917
2808,RPS21,ENSP00000345957
2809,RPL3,ENSP00000346001
2810,RPL36AL,ENSP00000346012
2811,RPL27A,ENSP00000346015
2812,RPL9,ENSP00000346022
2813,RPL21,ENSP00000346027
2814,RPLP1,ENSP00000346037
2815,RPS3A,ENSP00000346050
2816,RPL7L1,ENSP00000346063
2817,RPSA,ENSP00000346067
2818,RPL22L1,ENSP00000346080
2819,RPL22,ENSP00000346088
2820,GPX4,ENSP00000346103
2821,DDX21,ENSP00000346120
2822,DPAGT1,ENSP00000346142
2823,PRKAA1,ENSP00000346148
2824,NDUFV3,ENSP00000346196
2825,TAP1,ENSP00000346206
2826,AP2A1,ENSP00000346246
2827,S100A4,ENSP00000346294
2828,CRKL,ENSP00000346300
2829,COPS8,ENSP00000346340
2830,RNH1,ENSP00000346402
2831,ATG7,ENSP00000346437
2832,IPO4,ENSP00000346453
2833,WDR91,ENSP00000346466
2834,DDRGK1,ENSP00000346483
2835,RMDN2,ENSP00000346549
2836,ANXA6,ENSP00000346550
2837,MAP7,ENSP00000346581
2838,MED23,ENSP00000346588
2839,THRAP3,ENSP00000346634
2840,HKDC1,ENSP00000346643
2841,HNRNPA2B1,ENSP00000346694
2842,SND1,ENSP00000346762
2843,ALDH9A1,ENSP00000346827
2844,FN1,ENSP00000346839
2845,GABPA,ENSP00000346886
2846,TMEM205,ENSP00000346954
2847,PIP4K2C,ENSP00000347032
2848,FMOD,ENSP00000347041
2849,PDE5A,ENSP00000347046
2850,KIF16B,ENSP00000347076
2851,NUMB,ENSP00000347169
2852,HTT,ENSP00000347184
2853,GPAA1,ENSP00000347206
2854,LIMS2,ENSP00000347240
2855,ITSN2,ENSP00000347244
2856,MRPL52,ENSP00000347277
2857,SPART,ENSP00000347314
2858,SEC31A,ENSP00000347329
2859,ATP6V1H,ENSP00000347359
2860,TBC1D9B,ENSP00000347375
2861,OCLN,ENSP00000347379
2862,AP3M1,ENSP00000347408
2863,MINK1,ENSP00000347427
2864,TDRD7,ENSP00000347444
2865,GIT2,ENSP00000347464
2866,THSD4,ENSP00000347484
2867,WARS1,ENSP00000347495
2868,ZFYVE19,ENSP00000347498
2869,MIER1,ENSP00000347514
2870,SHTN1,ENSP00000347532
2871,SAP30BP,ENSP00000347592
2872,EFEMP1,ENSP00000347596
2873,NUDCD3,ENSP00000347626
2874,ZNF512,ENSP00000347648
2875,COL18A1,ENSP00000347665
2876,DHCR7,ENSP00000347717
2877,TBCD,ENSP00000347719
2878,TRRAP,ENSP00000347733
2879,SYNJ2,ENSP00000347792
2880,UBE2H,ENSP00000347836
2881,XIAP,ENSP00000347858
2882,VAT1,ENSP00000347872
2883,DNM2,ENSP00000347890
2884,FNBP1,ENSP00000347907
2885,STRN3,ENSP00000347909
2886,COA4,ENSP00000347919
2887,SFXN4,ENSP00000347924
2888,NDUFA5,ENSP00000347988
2889,ZC3H7A,ENSP00000347999
2890,SERPINA1,ENSP00000348068
2891,HNRNPAB,ENSP00000348093
2892,PDLIM7,ENSP00000348099
2893,KHDRBS3,ENSP00000348108
2894,DBI,ENSP00000348116
2895,PLS3,ENSP00000348163
2896,HP,ENSP00000348170
2897,SLC25A46,ENSP00000348211
2898,ZMYND8,ENSP00000348246
2899,MBP,ENSP00000348273
2900,STK39,ENSP00000348278
2901,CYP20A1,ENSP00000348380
2902,LAMB3,ENSP00000348384
2903,NCDN,ENSP00000348394
2904,NPEPL1,ENSP00000348395
2905,ACSL5,ENSP00000348429
2906,PSMD12,ENSP00000348442
2907,RAC1,ENSP00000348461
2908,NF1,ENSP00000348498
2909,GTF3C1,ENSP00000348510
2910,UBA5,ENSP00000348565
2911,AKAP9,ENSP00000348573
2912,RANGAP1,ENSP00000348577
2913,G3BP1,ENSP00000348578
2914,GALNT6,ENSP00000348668
2915,PAK1,ENSP00000348696
2916,UPF2,ENSP00000348708
2917,PICALM,ENSP00000348718
2918,LSS,ENSP00000348762
2919,ARIH2,ENSP00000348769
2920,ACOX3,ENSP00000348775
2921,IGBP1,ENSP00000348784
2922,RAP1A,ENSP00000348786
2923,RPS26,ENSP00000348849
2924,STOML2,ENSP00000348886
2925,PIGR,ENSP00000348888
2926,PLD3,ENSP00000348901
2927,CCDC25,ENSP00000348933
2928,MAN1A2,ENSP00000348959
2929,DYNC1H1,ENSP00000348965
2930,SON,ENSP00000348984
2931,PEX14,ENSP00000349016
2932,KDM1A,ENSP00000349049
2933,GANAB,ENSP00000349053
2934,ARHGEF12,ENSP00000349056
2935,FDPS,ENSP00000349078
2936,PPP4R2,ENSP00000349124
2937,ATP5F1C,ENSP00000349142
2938,ITGAL,ENSP00000349252
2939,SPTBN1,ENSP00000349259
2940,ACADVL,ENSP00000349297
2941,NHEJ1,ENSP00000349313
2942,TNPO2,ENSP00000349321
2943,SASH3,ENSP00000349359
2944,RAB18,ENSP00000349415
2945,IGF2R,ENSP00000349437
2946,CLCC1,ENSP00000349456
2947,ADPRH,ENSP00000349496
2948,CAVIN1,ENSP00000349541
2949,DCTD,ENSP00000349576
2950,XPNPEP3,ENSP00000349658
2951,DYNLRB1,ENSP00000349679
2952,GM2A,ENSP00000349687
2953,CEPT1,ENSP00000349696
2954,SFPQ,ENSP00000349748
2955,FKBP5,ENSP00000349811
2956,GFPT1,ENSP00000349860
2957,APAF1,ENSP00000349862
2958,ATP13A1,ENSP00000349877
2959,HDGF,ENSP00000349878
2960,GET3,ENSP00000349887
2961,FAS,ENSP00000349896
2962,RTF2,ENSP00000349906
2963,RPRD1A,ENSP00000349955
2964,MVP,ENSP00000349977
2965,C7orf50,ENSP00000350011
2966,ACSL3,ENSP00000350012
2967,MOV10,ENSP00000350028
2968,SSBP3,ENSP00000350067
2969,QRICH1,ENSP00000350094
2970,TOR4A,ENSP00000350102
2971,DHRS9,ENSP00000350154
2972,FXR1,ENSP00000350170
2973,IPO5,ENSP00000350219
2974,SLC30A7,ENSP00000350278
2975,TRMT1,ENSP00000350352
2976,NEGR1,ENSP00000350364
2977,GOLGA7,ENSP00000350378
2978,APOA4,ENSP00000350425
2979,COPS5,ENSP00000350512
2980,STMN1,ENSP00000350531
2981,FN1,ENSP00000350534
2982,NEDD4L,ENSP00000350569
2983,DDC,ENSP00000350616
2984,DDX47,ENSP00000350698
2985,AIMP1,ENSP00000350699
2986,RAD23B,ENSP00000350708
2987,GMFB,ENSP00000350757
2988,HMGN5,ENSP00000350848
2989,SERPINH1,ENSP00000350894
2990,EPHB4,ENSP00000350896
2991,BDH1,ENSP00000350914
2992,RABEP2,ENSP00000350934
2993,TES,ENSP00000350937
2994,SRC,ENSP00000350941
2995,TNKS1BP1,ENSP00000350990
2996,HSD17B11,ENSP00000351035
2997,PAK4,ENSP00000351049
2998,ZC3HC1,ENSP00000351052
2999,PPHLN1,ENSP00000351066
3000,SUSD2,ENSP00000351075
3001,MYOF,ENSP00000351094
3002,FRYL,ENSP00000351113
3003,CDHR5,ENSP00000351118
3004,XAB2,ENSP00000351137
3005,WTAP,ENSP00000351141
3006,ATL1,ENSP00000351155
3007,GSTK1,ENSP00000351181
3008,ITIH2,ENSP00000351190
3009,TOMM7,ENSP00000351214
3010,TRIM33,ENSP00000351250
3011,PSMB10,ENSP00000351314
3012,CSDE1,ENSP00000351329
3013,TMA16,ENSP00000351380
3014,PRKAR1A,ENSP00000351410
3015,ANKRD17,ENSP00000351416
3016,WDR5,ENSP00000351446
3017,MAX,ENSP00000351490
3018,UBL5,ENSP00000351492
3019,CTNND1,ENSP00000351527
3020,GATAD2A,ENSP00000351552
3021,SMTN,ENSP00000351593
3022,TTC37,ENSP00000351596
3023,FAM3D,ENSP00000351632
3024,MICAL1,ENSP00000351664
3025,FAM114A1,ENSP00000351740
3026,LPAR1,ENSP00000351755
3027,VCP,ENSP00000351777
3028,EDC4,ENSP00000351811
3029,MARCHF5,ENSP00000351813
3030,RAB3GAP2,ENSP00000351832
3031,NUMA1,ENSP00000351851
3032,PDE3A,ENSP00000351957
3033,WWP2,ENSP00000352069
3034,CD163,ENSP00000352071
3035,SUPT5H,ENSP00000352117
3036,B4GALT4,ENSP00000352144
3037,BCS1L,ENSP00000352219
3038,CTPS2,ENSP00000352222
3039,XRCC6,ENSP00000352257
3040,CD2AP,ENSP00000352264
3041,PLXNB2,ENSP00000352288
3042,ARAP1,ENSP00000352332
3043,HK1,ENSP00000352398
3044,NUP214,ENSP00000352400
3045,RPE,ENSP00000352401
3046,BABAM1,ENSP00000352408
3047,MFAP5,ENSP00000352455
3048,SLC33A1,ENSP00000352456
3049,MPZL1,ENSP00000352513
3050,INPP5D,ENSP00000352575
3051,AKR1B10,ENSP00000352584
3052,RBM12,ENSP00000352668
3053,SUPV3L1,ENSP00000352678
3054,FN1,ENSP00000352696
3055,HIBCH,ENSP00000352706
3056,NIF3L1,ENSP00000352711
3057,G3BP2,ENSP00000352738
3058,MDK,ENSP00000352852
3059,ARPC5,ENSP00000352918
3060,PDLIM7,ENSP00000352964
3061,FAM3C,ENSP00000353025
3062,PTPRF,ENSP00000353030
3063,SRSF2,ENSP00000353089
3064,MCMBP,ENSP00000353098
3065,HLA-DRB1,ENSP00000353099
3066,AHNAK2,ENSP00000353114
3067,ARRB1,ENSP00000353124
3068,SEPTIN2,ENSP00000353157
3069,TFRC,ENSP00000353224
3070,MAK16,ENSP00000353246
3071,ERGIC2,ENSP00000353270
3072,MSN,ENSP00000353408
3073,PRKAR1B,ENSP00000353415
3074,RAB5B,ENSP00000353444
3075,GSDMB,ENSP00000353465
3076,FLNA,ENSP00000353467
3077,ANKS1A,ENSP00000353518
3078,EIF2B3,ENSP00000353575
3079,SIN3A,ENSP00000353622
3080,MORF4L2,ENSP00000353643
3081,COL4A2,ENSP00000353654
3082,MME,ENSP00000353679
3083,CES1,ENSP00000353720
3084,ETF1,ENSP00000353741
3085,SCAF1,ENSP00000353769
3086,P4HA2,ENSP00000353772
3087,TPPP,ENSP00000353785
3088,LONP1,ENSP00000353826
3089,PPP3CB,ENSP00000353881
3090,ADARB1,ENSP00000353920
3091,GTPBP4,ENSP00000354040
3092,SCYL2,ENSP00000354061
3093,MRPL37,ENSP00000354086
3094,DNAJC5,ENSP00000354111
3095,EIF3B,ENSP00000354125
3096,ERC1,ENSP00000354158
3097,AOC1,ENSP00000354193
3098,UBE2Z,ENSP00000354201
3099,PPP1R13L,ENSP00000354218
3100,MPC1,ENSP00000354223
3101,NCKAP1,ENSP00000354251
3102,UBA3,ENSP00000354340
3103,RAB25,ENSP00000354376
3104,STAT1,ENSP00000354394
3105,MICU1,ENSP00000354415
3106,PAPSS2,ENSP00000354436
3107,RBM39,ENSP00000354437
3108,C8A,ENSP00000354458
3109,GOLGA4,ENSP00000354486
3110,PHLDB1,ENSP00000354498
3111,MT-CO1,ENSP00000354499
3112,COMT,ENSP00000354511
3113,CALD1,ENSP00000354513
3114,TOP1,ENSP00000354522
3115,MRPL24,ENSP00000354525
3116,PNP,ENSP00000354532
3117,MTOR,ENSP00000354558
3118,MRPL21,ENSP00000354580
3119,ACOT7,ENSP00000354615
3120,MT-ATP6,ENSP00000354632
3121,ARHGEF11,ENSP00000354644
3122,MAGT1,ENSP00000354649
3123,OSTC,ENSP00000354676
3124,OPA1,ENSP00000354681
3125,L1CAM,ENSP00000354712
3126,SMC3,ENSP00000354720
3127,CHAMP1,ENSP00000354730
3128,RPL12,ENSP00000354739
3129,IPO9,ENSP00000354742
3130,COA3,ENSP00000354762
3131,SPRYD7,ENSP00000354774
3132,MT-ND5,ENSP00000354813
3133,CALD1,ENSP00000354826
3134,ABHD14B,ENSP00000354841
3135,KIFBP,ENSP00000354848
3136,OGA,ENSP00000354850
3137,KIF21A,ENSP00000354851
3138,MT-CO2,ENSP00000354876
3139,EEF1AKNMT,ENSP00000354920
3140,DMD,ENSP00000354923
3141,CAPZA2,ENSP00000354947
3142,MT-ND4,ENSP00000354961
3143,NAA35,ENSP00000354972
3144,ILF2,ENSP00000355011
3145,CTR9,ENSP00000355013
3146,MT-ND2,ENSP00000355046
3147,CTNNBL1,ENSP00000355050
3148,ARHGEF10L,ENSP00000355060
3149,KRT19,ENSP00000355124
3150,COL6A1,ENSP00000355180
3151,HMGN2,ENSP00000355228
3152,BECN1,ENSP00000355231
3153,CDC42BPB,ENSP00000355237
3154,EPS8L3,ENSP00000355255
3155,MT-ATP8,ENSP00000355265
3156,LDB3,ENSP00000355296
3157,RPL39,ENSP00000355315
3158,PSMB5,ENSP00000355325
3159,TGM2,ENSP00000355330
3160,UBAP2L,ENSP00000355343
3161,SLC34A3,ENSP00000355353
3162,CD47,ENSP00000355361
3163,AKR7A3,ENSP00000355377
3164,MPHOSPH8,ENSP00000355388
3165,AHCTF1,ENSP00000355464
3166,SCCPDH,ENSP00000355467
3167,TFB2M,ENSP00000355471
3168,ADSS2,ENSP00000355493
3169,CEP170,ENSP00000355500
3170,FH,ENSP00000355518
3171,HEATR1,ENSP00000355541
3172,TOMM20,ENSP00000355566
3173,IRF2BP2,ENSP00000355568
3174,COA6,ENSP00000355571
3175,NTPCR,ENSP00000355587
3176,TSNAX,ENSP00000355599
3177,EXOC8,ENSP00000355605
3178,GNPAT,ENSP00000355607
3179,C1orf198,ENSP00000355623
3180,AGT,ENSP00000355627
3181,COG2,ENSP00000355629
3182,GALNT2,ENSP00000355632
3183,ABCB10,ENSP00000355637
3184,ACTA1,ENSP00000355645
3185,RAB4A,ENSP00000355651
3186,IBA57,ENSP00000355672
3187,COQ8A,ENSP00000355739
3188,THBS2,ENSP00000355751
3189,PARP1,ENSP00000355759
3190,ACBD3,ENSP00000355777
3191,TMEM63A,ENSP00000355800
3192,ENAH,ENSP00000355808
3193,MTARC1,ENSP00000355877
3194,MTARC2,ENSP00000355880
3195,IARS2,ENSP00000355889
3196,EPRS1,ENSP00000355890
3197,LYPLAL1,ENSP00000355895
3198,RRP15,ENSP00000355899
3199,NENF,ENSP00000355955
3200,LPGAT1,ENSP00000355963
3201,IRF6,ENSP00000355988
3202,MRPL18,ENSP00000356001
3203,ACAT2,ENSP00000356015
3204,C4BPA,ENSP00000356037
3205,PFKFB2,ENSP00000356047
3206,DYNLT1,ENSP00000356056
3207,MAPKAPK2,ENSP00000356070
3208,NUCKS1,ENSP00000356110
3209,TFB1M,ENSP00000356134
3210,SCAF8,ENSP00000356146
3211,VIP,ENSP00000356212
3212,CYB5R1,ENSP00000356218
3213,TIMM17A,ENSP00000356256
3214,LMOD1,ENSP00000356257
3215,ARMT1,ENSP00000356263
3216,PCMT1,ENSP00000356348
3217,NEK7,ENSP00000356355
3218,CFH,ENSP00000356399
3219,CDC73,ENSP00000356405
3220,RO60,ENSP00000356411
3221,TPR,ENSP00000356448
3222,RAB32,ENSP00000356465
3223,TRMT1L,ENSP00000356476
3224,NIBAN1,ENSP00000356481
3225,NCF2,ENSP00000356505
3226,UTRN,ENSP00000356515
3227,DHX9,ENSP00000356520
3228,RNASEL,ENSP00000356530
3229,SF3B5,ENSP00000356541
3230,LTV1,ENSP00000356548
3231,PEX3,ENSP00000356563
3232,QSOX1,ENSP00000356574
3233,TOR1AIP2,ENSP00000356584
3234,SOAT1,ENSP00000356591
3235,VTA1,ENSP00000356602
3236,ABRACL,ENSP00000356632
3237,CACYBP,ENSP00000356652
3238,NME7,ENSP00000356785
3239,ATP1B1,ENSP00000356789
3240,DPT,ENSP00000356791
3241,HBS1L,ENSP00000356800
3242,TIPRL,ENSP00000356807
3243,RCSD1,ENSP00000356828
3244,GPA33,ENSP00000356842
3245,TMCO1,ENSP00000356856
3246,STX7,ENSP00000356914
3247,DUSP12,ENSP00000356920
3248,APOA2,ENSP00000356969
3249,NDUFS2,ENSP00000356972
3250,UFC1,ENSP00000356982
3251,NIT1,ENSP00000356986
3252,PFDN2,ENSP00000356989
3253,F11R,ENSP00000357005
3254,CD48,ENSP00000357025
3255,PEA15,ENSP00000357055
3256,ARG1,ENSP00000357066
3257,TAGLN2,ENSP00000357075
3258,DUSP23,ENSP00000357087
3259,CADM3,ENSP00000357106
3260,MNDA,ENSP00000357123
3261,ARHGAP18,ENSP00000357131
3262,CD5L,ENSP00000357156
3263,PTPRK,ENSP00000357198
3264,NES,ENSP00000357206
3265,NAXE,ENSP00000357218
3266,LMNA,ENSP00000357283
3267,LAMTOR2,ENSP00000357288
3268,UBQLN4,ENSP00000357292
3269,MTX1,ENSP00000357360
3270,THBS3,ENSP00000357362
3271,SHC1,ENSP00000357430
3272,PBXIP1,ENSP00000357448
3273,PMVK,ENSP00000357452
3274,MAN1A1,ENSP00000357453
3275,ADAR,ENSP00000357459
3276,ECHS1,ENSP00000357535
3277,INPP5A,ENSP00000357583
3278,MKI67,ENSP00000357643
3279,GATAD2B,ENSP00000357644
3280,SNAPIN,ENSP00000357674
3281,S100A16,ENSP00000357692
3282,S100A6,ENSP00000357708
3283,S100A8,ENSP00000357721
3284,S100A12,ENSP00000357726
3285,S100A9,ENSP00000357727
3286,S100A10,ENSP00000357799
3287,MRPL9,ENSP00000357823
3288,LHPP,ENSP00000357835
3289,OAT,ENSP00000357838
3290,BUB3,ENSP00000357851
3291,ACADSB,ENSP00000357873
3292,PSMD4,ENSP00000357879
3293,HTRA1,ENSP00000357980
3294,CTSS,ENSP00000357981
3295,PLEKHA1,ENSP00000357986
3296,SEC63,ENSP00000357998
3297,ATE1,ENSP00000358039
3298,QRSL1,ENSP00000358042
3299,ECM1,ENSP00000358043
3300,RTN4IP1,ENSP00000358059
3301,TARS2,ENSP00000358060
3302,RPRD2,ENSP00000358064
3303,SEC23IP,ENSP00000358071
3304,BAG3,ENSP00000358081
3305,TIAL1,ENSP00000358089
3306,RGS10,ENSP00000358097
3307,EIF3A,ENSP00000358140
3308,ASCC3,ENSP00000358159
3309,FAM160B1,ENSP00000358251
3310,NDUFAF4,ENSP00000358272
3311,UFL1,ENSP00000358283
3312,NHLRC2,ENSP00000358307
3313,PEX11B,ENSP00000358312
3314,MAP3K7,ENSP00000358335
3315,SCAF11,ENSP00000358374
3316,HMGCS2,ENSP00000358414
3317,CLIC2,ENSP00000358460
3318,SHOC2,ENSP00000358464
3319,FUNDC2,ENSP00000358510
3320,MPP1,ENSP00000358547
3321,RARS2,ENSP00000358549
3322,BCAS2,ENSP00000358554
3323,DKC1,ENSP00000358563
3324,SMNDC1,ENSP00000358605
3325,G6PD,ENSP00000358633
3326,SYNCRIP,ENSP00000358635
3327,SLC16A1,ENSP00000358640
3328,UBL4A,ENSP00000358674
3329,WNT2B,ENSP00000358698
3330,ME1,ENSP00000358719
3331,GSTO1,ENSP00000358727
3332,ATP5PB,ENSP00000358737
3333,DENND2D,ENSP00000358767
3334,ATP6AP1,ENSP00000358777
3335,RBM15,ENSP00000358799
3336,STRIP1,ENSP00000358810
3337,PDCD11,ENSP00000358812
3338,AHCYL1,ENSP00000358814
3339,RPL10,ENSP00000358832
3340,SH3BGRL2,ENSP00000358853
3341,EMD,ENSP00000358857
3342,INA,ENSP00000358865
3343,GNAI3,ENSP00000358867
3344,SFXN2,ENSP00000358909
3345,ACTR1A,ENSP00000358921
3346,KIAA1324,ENSP00000358955
3347,NFKB2,ENSP00000358983
3348,GBF1,ENSP00000359000
3349,STXBP3,ENSP00000359025
3350,PRPF38B,ENSP00000359042
3351,ARMH3,ENSP00000359050
3352,RTCA,ENSP00000359146
3353,DBT,ENSP00000359151
3354,DPYD,ENSP00000359211
3355,CNN3,ENSP00000359225
3356,ABCD3,ENSP00000359233
3357,GCLM,ENSP00000359258
3358,DR1,ENSP00000359290
3359,ZNF185,ENSP00000359291
3360,NSDHL,ENSP00000359297
3361,CETN2,ENSP00000359300
3362,TMED5,ENSP00000359305
3363,ARFGAP1,ENSP00000359306
3364,RPL5,ENSP00000359345
3365,HMGB3,ENSP00000359393
3366,MTMR1,ENSP00000359417
3367,MTM1,ENSP00000359423
3368,CHUK,ENSP00000359424
3369,CPN1,ENSP00000359446
3370,GBP5,ENSP00000359488
3371,GBP4,ENSP00000359490
3372,GBP2,ENSP00000359497
3373,GBP1,ENSP00000359504
3374,GTF2B,ENSP00000359531
3375,GOT1,ENSP00000359539
3376,PKN2,ENSP00000359552
3377,CLCA4,ENSP00000359594
3378,RBMX,ENSP00000359645
3379,GNG5,ENSP00000359675
3380,FHL1,ENSP00000359717
3381,PRKACB,ENSP00000359719
3382,BAG2,ENSP00000359727
3383,GIPC2,ENSP00000359795
3384,DNAJB4,ENSP00000359799
3385,FUBP1,ENSP00000359804
3386,MMS19,ENSP00000359818
3387,PIGK,ENSP00000359848
3388,GPC4,ENSP00000359864
3389,PSMA7,ENSP00000359910
3390,LRRC1,ENSP00000359925
3391,EXOSC1,ENSP00000359939
3392,CTH,ENSP00000359976
3393,SRSF11,ENSP00000359988
3394,LRRC40,ENSP00000359990
3395,PGAM1,ENSP00000359991
3396,GNG12,ENSP00000360021
3397,RRP12,ENSP00000360031
3398,SERBP1,ENSP00000360034
3399,PGM1,ENSP00000360125
3400,GNAS,ENSP00000360136
3401,OCRL,ENSP00000360154
3402,TM9SF3,ENSP00000360184
3403,ENTPD1,ENSP00000360248
3404,HOOK1,ENSP00000360252
3405,ALDH18A1,ENSP00000360265
3406,SORBS1,ENSP00000360271
3407,RAE1,ENSP00000360286
3408,PDLIM1,ENSP00000360305
3409,DHCR24,ENSP00000360316
3410,PARS2,ENSP00000360327
3411,MCTS1,ENSP00000360367
3412,NOC3L,ENSP00000360412
3413,PFDN4,ENSP00000360473
3414,NDC1,ENSP00000360483
3415,MRPL41,ENSP00000360498
3416,CDC5L,ENSP00000360532
3417,CPT2,ENSP00000360541
3418,SCP2,ENSP00000360569
3419,COA7,ENSP00000360593
3420,NFATC2,ENSP00000360619
3421,DPP7,ENSP00000360635
3422,MAN1B1,ENSP00000360645
3423,BTF3L4,ENSP00000360664
3424,SLC25A5,ENSP00000360671
3425,PAXX,ENSP00000360682
3426,PTPN1,ENSP00000360683
3427,TXNDC12,ENSP00000360688
3428,C8G,ENSP00000360697
3429,UBE2V1,ENSP00000360739
3430,AGPAT2,ENSP00000360761
3431,SLC29A1,ENSP00000360773
3432,OSBPL9,ENSP00000360779
3433,PMPCA,ENSP00000360782
3434,EPS15,ENSP00000360798
3435,UBAC1,ENSP00000360821
3436,IFIT5,ENSP00000360860
3437,IFIT1,ENSP00000360869
3438,FCN1,ENSP00000360871
3439,IFIT3,ENSP00000360876
3440,CMPK1,ENSP00000360939
3441,ARFGEF2,ENSP00000360985
3442,ANKRD22,ENSP00000360998
3443,PREX1,ENSP00000361009
3444,SURF1,ENSP00000361042
3445,SURF4,ENSP00000361057
3446,TSPAN1,ENSP00000361072
3447,RPL7A,ENSP00000361076
3448,ADIRF,ENSP00000361083
3449,MRPL14,ENSP00000361084
3450,SNCG,ENSP00000361087
3451,SURF6,ENSP00000361092
3452,MMRN2,ENSP00000361097
3453,GTF3C5,ENSP00000361169
3454,MRPS18A,ENSP00000361206
3455,GHITM,ENSP00000361207
3456,GTF3C4,ENSP00000361219
3457,HECTD3,ENSP00000361245
3458,PRXL2A,ENSP00000361254
3459,ERI3,ENSP00000361331
3460,MMP9,ENSP00000361405
3461,EXOSC2,ENSP00000361433
3462,POLR3A,ENSP00000361446
3463,PCIF1,ENSP00000361486
3464,YIPF3,ENSP00000361499
3465,PLTP,ENSP00000361508
3466,PRPS1,ENSP00000361512
3467,ELOVL1,ENSP00000361536
3468,NTMT1,ENSP00000361558
3469,C1orf50,ENSP00000361603
3470,COMTD1,ENSP00000361616
3471,YBX1,ENSP00000361626
3472,SH3GLB2,ENSP00000361640
3473,PPCS,ENSP00000361642
3474,NUP188,ENSP00000361658
3475,VDAC2,ENSP00000361686
3476,CTPS1,ENSP00000361699
3477,DNTTIP1,ENSP00000361705
3478,ENDOG,ENSP00000361725
3479,TBC1D13,ENSP00000361731
3480,SPTAN1,ENSP00000361816
3481,SDC4,ENSP00000361818
3482,SPTAN1,ENSP00000361824
3483,ZMPSTE24,ENSP00000361845
3484,CAP1,ENSP00000361878
3485,STK4,ENSP00000361892
3486,TOMM34,ENSP00000361900
3487,CNPY3,ENSP00000361926
3488,HNRNPH2,ENSP00000361927
3489,PABPC4,ENSP00000361949
3490,ADA,ENSP00000361965
3491,TBCC,ENSP00000361967
3492,TIMM8A,ENSP00000361993
3493,ANXA7,ENSP00000362012
3494,MRPS16,ENSP00000362036
3495,DNAJC9,ENSP00000362041
3496,NDUFS5,ENSP00000362058
3497,CSTF2,ENSP00000362063
3498,RRAGC,ENSP00000362092
3499,UTP11,ENSP00000362105
3500,FHL3,ENSP00000362107
3501,SF3A3,ENSP00000362110
3502,TSPAN6,ENSP00000362111
3503,MCU,ENSP00000362144
3504,GNL2,ENSP00000362153
3505,MRPS15,ENSP00000362208
3506,MAP7D1,ENSP00000362243
3507,TRAPPC3,ENSP00000362261
3508,APOOL,ENSP00000362268
3509,ADPRS,ENSP00000362273
3510,AGO3,ENSP00000362287
3511,SGPL1,ENSP00000362298
3512,AGO1,ENSP00000362300
3513,SH3BGRL,ENSP00000362308
3514,PPA1,ENSP00000362329
3515,PSMB2,ENSP00000362334
3516,SAR1A,ENSP00000362335
3517,MACROH2A2,ENSP00000362352
3518,CDK9,ENSP00000362361
3519,TSPAN15,ENSP00000362387
3520,STXBP1,ENSP00000362396
3521,NIBAN2,ENSP00000362409
3522,PGK1,ENSP00000362413
3523,ATRX,ENSP00000362441
3524,PBDC1,ENSP00000362456
3525,GLO1,ENSP00000362463
3526,ANGPTL2,ENSP00000362524
3527,RPRD1B,ENSP00000362532
3528,AK2,ENSP00000362548
3529,CMTR1,ENSP00000362550
3530,YARS1,ENSP00000362576
3531,RBBP4,ENSP00000362584
3532,MARCKSL1,ENSP00000362638
3533,PPP6C,ENSP00000362648
3534,HDAC1,ENSP00000362649
3535,GIGYF2,ENSP00000362664
3536,DDX50,ENSP00000362687
3537,TXLNA,ENSP00000362711
3538,MTCH1,ENSP00000362718
3539,KPNA6,ENSP00000362728
3540,RPS4X,ENSP00000362744
3541,RABGAP1,ENSP00000362751
3542,PIN4,ENSP00000362773
3543,COL16A1,ENSP00000362776
3544,PPIL1,ENSP00000362803
3545,HERC4,ENSP00000362804
3546,PEF1,ENSP00000362807
3547,SRSF3,ENSP00000362820
3548,OGT,ENSP00000362824
3549,REEP3,ENSP00000362863
3550,NDUFA8,ENSP00000362873
3551,ADO,ENSP00000362888
3552,SRSF4,ENSP00000362900
3553,GSN,ENSP00000362914
3554,YTHDF2,ENSP00000362918
3555,SRPK1,ENSP00000362931
3556,RCC1,ENSP00000362937
3557,RAB14,ENSP00000362946
3558,RPA2,ENSP00000363015
3559,RPL10A,ENSP00000363018
3560,THEMIS2,ENSP00000363031
3561,CISD1,ENSP00000363041
3562,STX12,ENSP00000363054
3563,DES,ENSP00000363071
3564,PRKG1,ENSP00000363092
3565,ATP6V1G1,ENSP00000363162
3566,NFS1,ENSP00000363198
3567,POLE3,ENSP00000363284
3568,BSPRY,ENSP00000363298
3569,PRPF4,ENSP00000363313
3570,SNX30,ENSP00000363349
3571,FAM110D,ENSP00000363386
3572,SNX12,ENSP00000363392
3573,PAFAH2,ENSP00000363400
3574,MTFR1L,ENSP00000363418
3575,ITPR3,ENSP00000363435
3576,DLG3,ENSP00000363475
3577,CLIC4,ENSP00000363500
3578,UQCC1,ENSP00000363506
3579,ALOX5,ENSP00000363512
3580,EIF6,ENSP00000363559
3581,FUCA1,ENSP00000363603
3582,HMGCL,ENSP00000363614
3583,CUTA,ENSP00000363620
3584,GALE,ENSP00000363621
3585,LYPLA2,ENSP00000363638
3586,BMS1,ENSP00000363642
3587,EPB41L4B,ENSP00000363685
3588,TMEM245,ENSP00000363714
3589,PFDN6,ENSP00000363734
3590,WDR46,ENSP00000363746
3591,EPHB2,ENSP00000363761
3592,C1QC,ENSP00000363768
3593,C1QA,ENSP00000363773
3594,ELP1,ENSP00000363779
3595,RING1,ENSP00000363787
3596,HSD17B8,ENSP00000363794
3597,SLC39A7,ENSP00000363807
3598,RXRB,ENSP00000363812
3599,HSPG2,ENSP00000363827
3600,SLC44A1,ENSP00000363852
3601,VSIG4,ENSP00000363869
3602,CUL2,ENSP00000363880
3603,NIPSNAP3A,ENSP00000363899
3604,NTM,ENSP00000363916
3605,LAS1L,ENSP00000363940
3606,PIGU,ENSP00000363953
3607,PSMB9,ENSP00000363993
3608,MRPL50,ENSP00000363999
3609,COL5A2,ENSP00000364000
3610,PSMB8,ENSP00000364016
3611,TAP2,ENSP00000364032
3612,TEX10,ENSP00000364037
3613,HLA-DRB5,ENSP00000364114
3614,EIF2S2,ENSP00000364119
3615,COL15A1,ENSP00000364140
3616,GALNT12,ENSP00000364150
3617,GPSM3,ENSP00000364180
3618,TBC1D2,ENSP00000364207
3619,CDA,ENSP00000364212
3620,PLA2G2A,ENSP00000364252
3621,NCBP1,ENSP00000364289
3622,TSR2,ENSP00000364293
3623,MRTO4,ENSP00000364320
3624,EMC1,ENSP00000364345
3625,MAP3K20,ENSP00000364361
3626,UBR4,ENSP00000364403
3627,FBP1,ENSP00000364475
3628,SKIV2L,ENSP00000364543
3629,SVIL,ENSP00000364547
3630,NELFE,ENSP00000364578
3631,RCC2,ENSP00000364582
3632,CUL4A,ENSP00000364589
3633,PADI4,ENSP00000364597
3634,CARD19,ENSP00000364613
3635,PADI2,ENSP00000364635
3636,GCG,ENSP00000364647
3637,SDHB,ENSP00000364649
3638,EHMT2,ENSP00000364680
3639,MFAP2,ENSP00000364684
3640,ASPN,ENSP00000364694
3641,MAPRE1,ENSP00000364721
3642,NEU1,ENSP00000364782
3643,IARS1,ENSP00000364794
3644,LSM2,ENSP00000364813
3645,VARS1,ENSP00000364815
3646,AUH,ENSP00000364883
3647,ARHGEF7,ENSP00000364888
3648,SYK,ENSP00000364898
3649,POFUT1,ENSP00000364902
3650,FBLIM1,ENSP00000364921
3651,CLIC1,ENSP00000364934
3652,DDAH2,ENSP00000364943
3653,COL4A1,ENSP00000364979
3654,AGMAT,ENSP00000364986
3655,HCK,ENSP00000365012
3656,CSNK2B,ENSP00000365025
3657,APOM,ENSP00000365081
3658,TUT7,ENSP00000365130
3659,EFHD2,ENSP00000365147
3660,PRRC2A,ENSP00000365175
3661,AIF1,ENSP00000365227
3662,TPP2,ENSP00000365233
3663,ABI1,ENSP00000365308
3664,CCDC22,ENSP00000365401
3665,HLA-C,ENSP00000365402
3666,APBB1IP,ENSP00000365411
3667,GGACT,ENSP00000365426
3668,HNRNPK,ENSP00000365439
3669,PCCA,ENSP00000365462
3670,PLP2,ENSP00000365505
3671,C9orf64,ENSP00000365522
3672,THNSL1,ENSP00000365534
3673,TM9SF2,ENSP00000365567
3674,FLOT1,ENSP00000365569
3675,UBQLN1,ENSP00000365576
3676,MDC1,ENSP00000365588
3677,GRIPAP1,ENSP00000365606
3678,DHX16,ENSP00000365625
3679,KIAA1217,ENSP00000365637
3680,MSRB2,ENSP00000365693
3681,PPP1R10,ENSP00000365694
3682,KIAA2013,ENSP00000365756
3683,PIP4K2A,ENSP00000365757
3684,PSAT1,ENSP00000365773
3685,GNL1,ENSP00000365806
3686,HLA-E,ENSP00000365817
3687,SOWAHC,ENSP00000365830
3688,PUS1,ENSP00000365837
3689,WAS,ENSP00000365891
3690,PRUNE2,ENSP00000365908
3691,PPP1CA,ENSP00000365936
3692,RBM3,ENSP00000365946
3693,COMMD3,ENSP00000366032
3694,CST3,ENSP00000366124
3695,EXOSC10,ENSP00000366135
3696,SRM,ENSP00000366156
3697,DNAJC1,ENSP00000366179
3698,DFFA,ENSP00000366237
3699,ARAF,ENSP00000366244
3700,GPC6,ENSP00000366246
3701,CNNM4,ENSP00000366275
3702,XRN2,ENSP00000366396
3703,NMNAT1,ENSP00000366410
3704,LZIC,ENSP00000366418
3705,SNX15,ENSP00000366452
3706,PLXDC2,ENSP00000366460
3707,FTL,ENSP00000366525
3708,SF1,ENSP00000366611
3709,H6PD,ENSP00000366620
3710,KCTD12,ENSP00000366694
3711,STAM,ENSP00000366746
3712,AUP1,ENSP00000366748
3713,HMGN4,ENSP00000366798
3714,DNAJC11,ENSP00000366800
3715,UCHL3,ENSP00000366819
3716,COMMD6,ENSP00000366841
3717,TBC1D4,ENSP00000366852
3718,ALDH1B1,ENSP00000366927
3719,NOL9,ENSP00000366934
3720,SNX5,ENSP00000366988
3721,DIS3,ENSP00000366997
3722,TCOF1,ENSP00000367028
3723,POLR1E,ENSP00000367029
3724,CSNK1A1,ENSP00000367074
3725,SLC3A2,ENSP00000367121
3726,UQCC3,ENSP00000367189
3727,GLIPR2,ENSP00000367196
3728,SCGN,ENSP00000367197
3729,AHNAK,ENSP00000367263
3730,CKAP4,ENSP00000367265
3731,VPS36,ENSP00000367299
3732,MAOB,ENSP00000367309
3733,TDP2,ENSP00000367440
3734,LRRC47,ENSP00000367498
3735,TPM2,ENSP00000367542
3736,APRT,ENSP00000367615
3737,HSPA14,ENSP00000367623
3738,ARHGEF16,ENSP00000367629
3739,FAM107B,ENSP00000367719
3740,PANK4,ENSP00000367727
3741,PLCB4,ENSP00000367762
3742,LIG3,ENSP00000367787
3743,SRPX,ENSP00000367794
3744,DYNLT3,ENSP00000367841
3745,CYBB,ENSP00000367851
3746,GNB1,ENSP00000367872
3747,PIGO,ENSP00000367880
3748,SEPHS1,ENSP00000367893
3749,UQCRQ,ENSP00000367934
3750,ESD,ENSP00000367992
3751,ATAD3A,ENSP00000368031
3752,IST1,ENSP00000368076
3753,RAD50,ENSP00000368100
3754,GALT,ENSP00000368119
3755,CAMK1D,ENSP00000368122
3756,API5,ENSP00000368129
3757,ATL2,ENSP00000368237
3758,TPD52,ENSP00000368390
3759,PCNA,ENSP00000368438
3760,PDK3,ENSP00000368460
3761,MCUR1,ENSP00000368468
3762,APOO,ENSP00000368528
3763,DNAJC2,ENSP00000368565
3764,VWA8,ENSP00000368612
3765,PRDX4,ENSP00000368646
3766,AGRN,ENSP00000368678
3767,RASSF2,ENSP00000368684
3768,LDHA,ENSP00000368722
3769,PRNP,ENSP00000368752
3770,ASPH,ENSP00000368767
3771,TOM1L2,ENSP00000368818
3772,SNX2,ENSP00000368831
3773,RPS6KA3,ENSP00000368884
3774,PAK1IP1,ENSP00000368887
3775,EIF1AX,ENSP00000368927
3776,REEP5,ENSP00000368959
3777,EEF1E1,ENSP00000369038
3778,IPO7,ENSP00000369042
3779,B4GALT1,ENSP00000369055
3780,POSTN,ENSP00000369066
3781,POSTN,ENSP00000369067
3782,POSTN,ENSP00000369073
3783,TXNDC5,ENSP00000369081
3784,DNAJA1,ENSP00000369127
3785,DSP,ENSP00000369129
3786,NDUFB6,ENSP00000369176
3787,DDX58,ENSP00000369213
3788,ARIH1,ENSP00000369217
3789,RBM17,ENSP00000369218
3790,ERAP2,ENSP00000369235
3791,TRIM22,ENSP00000369299
3792,NPNT,ENSP00000369323
3793,RFC3,ENSP00000369411
3794,STEAP4,ENSP00000369419
3795,RBBP7,ENSP00000369427
3796,CAAP1,ENSP00000369431
3797,ITPA,ENSP00000369456
3798,ECI2,ENSP00000369461
3799,SYAP1,ENSP00000369500
3800,GDI2,ENSP00000369538
3801,FASTKD5,ENSP00000369618
3802,EMILIN1,ENSP00000369677
3803,MRPS26,ENSP00000369682
3804,TUBB2A,ENSP00000369703
3805,BPHL,ENSP00000369734
3806,TBCA,ENSP00000369736
3807,RPS6,ENSP00000369757
3808,PIR,ENSP00000369785
3809,VPS16,ENSP00000369810
3810,ALOX5AP,ENSP00000369858
3811,SLTM,ENSP00000369887
3812,COL2A1,ENSP00000369889
3813,SERPINB6,ENSP00000369891
3814,CARS1,ENSP00000369897
3815,NAP1L4,ENSP00000369915
3816,AKR1C3,ENSP00000369927
3817,BTF3,ENSP00000369965
3818,TMSB4X,ENSP00000370007
3819,HADHA,ENSP00000370023
3820,PRPS2,ENSP00000370043
3821,SERPINB9,ENSP00000370074
3822,PSIP1,ENSP00000370109
3823,PPP2R2A,ENSP00000370113
3824,SERPINB1,ENSP00000370115
3825,HMGN1,ENSP00000370125
3826,WRNIP1,ENSP00000370148
3827,GMDS,ENSP00000370194
3828,IDH3B,ENSP00000370223
3829,NLN,ENSP00000370372
3830,DUT,ENSP00000370376
3831,CDX2,ENSP00000370408
3832,TTC38,ENSP00000370419
3833,PUDP,ENSP00000370467
3834,MTIF3,ENSP00000370508
3835,PFKP,ENSP00000370517
3836,ARSL,ENSP00000370526
3837,CD99,ENSP00000370588
3838,NOP56,ENSP00000370589
3839,RDH14,ENSP00000370648
3840,CCDC91,ENSP00000370658
3841,ASMTL,ENSP00000370718
3842,TMEM165,ENSP00000370736
3843,THUMPD1,ENSP00000370741
3844,ITPR2,ENSP00000370744
3845,RDH11,ENSP00000370750
3846,SLC25A6,ENSP00000370808
3847,SNX18,ENSP00000370817
3848,SGCB,ENSP00000370839
3849,DMTN,ENSP00000370879
3850,MRPL23,ENSP00000370930
3851,CRYZL1,ENSP00000370966
3852,COMMD8,ENSP00000370984
3853,ZZEF1,ENSP00000371051
3854,NOL10,ENSP00000371101
3855,NUP58,ENSP00000371137
3856,FKBP1A,ENSP00000371138
3857,RCL1,ENSP00000371169
3858,CPPED1,ENSP00000371193
3859,MTMR6,ENSP00000371221
3860,AK3,ENSP00000371230
3861,GART,ENSP00000371236
3862,NADK2,ENSP00000371362
3863,PGM2,ENSP00000371393
3864,PARP4,ENSP00000371419
3865,SEPSECS,ENSP00000371535
3866,SOD3,ENSP00000371554
3867,EIPR1,ENSP00000371559
3868,MTMR12,ENSP00000371577
3869,GNG7,ENSP00000371594
3870,MIPEP,ENSP00000371607
3871,TRA2B,ENSP00000371626
3872,FSCN1,ENSP00000371798
3873,MICU2,ENSP00000371811
3874,AP2M1,ENSP00000371894
3875,ARHGAP5,ENSP00000371897
3876,SAP18,ENSP00000371973
3877,DNAJC19,ENSP00000372005
3878,SIRT3,ENSP00000372191
3879,BET1L,ENSP00000372210
3880,SERPINB5,ENSP00000372221
3881,ZMYM2,ENSP00000372324
3882,NELFA,ENSP00000372335
3883,STAG1,ENSP00000372689
3884,HMCES,ENSP00000372955
3885,HACD2,ENSP00000373153
3886,EOGT,ENSP00000373206
3887,CRELD1,ENSP00000373322
3888,GOLM1,ENSP00000373363
3889,MRPL2,ENSP00000373404
3890,GPX3,ENSP00000373477
3891,KRT18,ENSP00000373487
3892,SELENOH,ENSP00000373509
3893,COPS2,ENSP00000373553
3894,FAM83H,ENSP00000373565
3895,SCFD2,ENSP00000373592
3896,NCBP3,ENSP00000373657
3897,STK38L,ENSP00000373684
3898,TRIP12,ENSP00000373696
3899,DIAPH1,ENSP00000373706
3900,SACM1L,ENSP00000373713
3901,RNF20,ENSP00000373772
3902,LOXL2,ENSP00000373783
3903,USP5,ENSP00000373883
3904,GARS1,ENSP00000373918
3905,SMYD5,ENSP00000374152
3906,EP400,ENSP00000374212
3907,GPX2,ENSP00000374265
3908,SSC5D,ENSP00000374274
3909,RTF1,ENSP00000374280
3910,TSN,ENSP00000374332
3911,EXOSC8,ENSP00000374354
3912,SPTB,ENSP00000374370
3913,TRMT61A,ENSP00000374399
3914,SQSTM1,ENSP00000374455
3915,TMEM87A,ENSP00000374484
3916,CCNK,ENSP00000374529
3917,DDX42,ENSP00000374574
3918,IGKV4-1,ENSP00000374778
3919,IGLV1-51,ENSP00000374825
3920,IGLV1-47,ENSP00000374829
3921,IGLV3-19,ENSP00000374844
3922,IGHG1,ENSP00000374990
3923,IGHV3-7,ENSP00000375007
3924,MYADM,ENSP00000375648
3925,PRMT1,ENSP00000375724
3926,RPL13A,ENSP00000375730
3927,LAD1,ENSP00000375829
3928,HNRNPUL1,ENSP00000375863
3929,ATG16L1,ENSP00000375872
3930,AKT2,ENSP00000375892
3931,XRCC5,ENSP00000375977
3932,SNX9,ENSP00000376024
3933,COX6B1,ENSP00000376037
3934,URI1,ENSP00000376097
3935,PPIL3,ENSP00000376107
3936,WDR45B,ENSP00000376139
3937,SLC16A3,ENSP00000376150
3938,RAN,ENSP00000376176
3939,CCDC50,ENSP00000376250
3940,HNRNPA3,ENSP00000376309
3941,TAOK3,ENSP00000376317
3942,LLGL2,ENSP00000376333
3943,INF2,ENSP00000376410
3944,GALNT3,ENSP00000376465
3945,STT3A,ENSP00000376472
3946,VWA5A,ENSP00000376504
3947,PDCD10,ENSP00000376506
3948,HMBS,ENSP00000376584
3949,NT5DC3,ENSP00000376615
3950,EVL,ENSP00000376652
3951,TAGLN,ENSP00000376678
3952,PTRH2,ENSP00000376758
3953,TMPO,ENSP00000376773
3954,SERPINA3,ENSP00000376793
3955,MTPN,ENSP00000376800
3956,CUL5,ENSP00000376808
3957,CALD1,ENSP00000376826
3958,PTGFRN,ENSP00000376899
3959,BCL2L15,ENSP00000376992
3960,ME3,ENSP00000376998
3961,MAPK9,ENSP00000377028
3962,AASS,ENSP00000377040
3963,PRCP,ENSP00000377055
3964,AAMDC,ENSP00000377078
3965,SFXN3,ENSP00000377103
3966,DBN1,ENSP00000377195
3967,FAM50A,ENSP00000377225
3968,FDX2,ENSP00000377311
3969,DDX60,ENSP00000377344
3970,ERGIC1,ENSP00000377374
3971,ARHGAP9,ENSP00000377380
3972,SLC35B2,ENSP00000377401
3973,COASY,ENSP00000377406
3974,SUCLG1,ENSP00000377446
3975,CNP,ENSP00000377466
3976,MRPL19,ENSP00000377486
3977,PHLDB2,ENSP00000377500
3978,PC,ENSP00000377527
3979,ELMO3,ENSP00000377566
3980,ESYT1,ENSP00000377612
3981,MTHFD2,ENSP00000377617
3982,RPL24,ENSP00000377640
3983,DYSF,ENSP00000377678
3984,NIT2,ENSP00000377696
3985,SIPA1,ENSP00000377771
3986,MIEN1,ENSP00000377778
3987,METTL7B,ENSP00000377796
3988,ANXA4,ENSP00000377833
3989,RPL23,ENSP00000377865
3990,SRSF5,ENSP00000377892
3991,CIAPIN1,ENSP00000377914
3992,ACTN1,ENSP00000377941
3993,UTP14A,ENSP00000377944
3994,LARS1,ENSP00000377954
3995,CCT4,ENSP00000377958
3996,GTF2F1,ENSP00000377969
3997,REL,ENSP00000377989
3998,AKAP13,ENSP00000378026
3999,SRI,ENSP00000378137
4000,RPL34,ENSP00000378160
4001,ACYP2,ENSP00000378161
4002,GNL3,ENSP00000378278
4003,PPP3CA,ENSP00000378322
4004,DNAJA4,ENSP00000378324
4005,TGFB1I1,ENSP00000378332
4006,CDC23,ENSP00000378350
4007,TKFC,ENSP00000378360
4008,PSAP,ENSP00000378394
4009,VSIR,ENSP00000378409
4010,LPXN,ENSP00000378512
4011,CLDN3,ENSP00000378577
4012,TIMM9,ENSP00000378588
4013,PTK2,ENSP00000378644
4014,CDK1,ENSP00000378699
4015,KTN1,ENSP00000378725
4016,QPRT,ENSP00000378782
4017,HLA-DRA,ENSP00000378786
4018,CHCHD2,ENSP00000378812
4019,TWF1,ENSP00000378886
4020,DHRS7B,ENSP00000378887
4021,SNTB1,ENSP00000378965
4022,ERO1A,ENSP00000379042
4023,CCDC51,ENSP00000379047
4024,PURB,ENSP00000379051
4025,APIP,ENSP00000379133
4026,CXCL12,ENSP00000379140
4027,ATP6V1C1,ENSP00000379203
4028,UBFD1,ENSP00000379217
4029,ABHD16A,ENSP00000379282
4030,BCAS1,ENSP00000379290
4031,ANXA2,ENSP00000379342
4032,GCNT3,ENSP00000379377
4033,FAF1,ENSP00000379457
4034,DDX39B,ENSP00000379475
4035,UEVLD,ENSP00000379500
4036,MYH11,ENSP00000379616
4037,PSMA1,ENSP00000379676
4038,PGM5,ENSP00000379678
4039,NAGA,ENSP00000379680
4040,PDXDC1,ENSP00000379691
4041,AMPD3,ENSP00000379801
4042,GNE,ENSP00000379839
4043,CLTA,ENSP00000379848
4044,RPS8,ENSP00000379888
4045,GATM,ENSP00000379895
4046,LTBP4,ENSP00000380031
4047,IRF9,ENSP00000380073
4048,UBE2G1,ENSP00000380178
4049,ATP2A3,ENSP00000380234
4050,NUDT19,ENSP00000380251
4051,SMU1,ENSP00000380336
4052,PAFAH1B1,ENSP00000380378
4053,ARPC4,ENSP00000380431
4054,PLAA,ENSP00000380460
4055,HAGH,ENSP00000380514
4056,AKAP8L,ENSP00000380557
4057,FAM98B,ENSP00000380734
4058,TMEM209,ENSP00000380747
4059,COL6A2,ENSP00000380870
4060,SH3KBP1,ENSP00000380921
4061,THOC5,ENSP00000380969
4062,PUM3,ENSP00000380982
4063,CRMP1,ENSP00000380987
4064,CHMP1A,ENSP00000380998
4065,MAP2K7,ENSP00000381066
4066,RNASE4,ENSP00000381081
4067,MGLL,ENSP00000381176
4068,ADD1,ENSP00000381191
4069,KHSRP,ENSP00000381216
4070,SELENOS,ENSP00000381282
4071,NSF,ENSP00000381293
4072,FNDC3A,ENSP00000381362
4073,CGGBP1,ENSP00000381428
4074,TMF1,ENSP00000381567
4075,MX1,ENSP00000381599
4076,HSDL2,ENSP00000381785
4077,SEC24A,ENSP00000381823
4078,ATL3,ENSP00000381844
4079,TOMM6,ENSP00000381856
4080,LCMT1,ENSP00000382021
4081,DOP1B,ENSP00000382104
4082,RBM12B,ENSP00000382239
4083,MRPS6,ENSP00000382250
4084,HECTD1,ENSP00000382269
4085,ITSN1,ENSP00000382289
4086,SDR39U1,ENSP00000382327
4087,GLB1,ENSP00000382333
4088,ABCC1,ENSP00000382342
4089,COL28A1,ENSP00000382356
4090,ANKRD28,ENSP00000382379
4091,ROCK1,ENSP00000382697
4092,VAPA,ENSP00000382880
4093,ARGLU1,ENSP00000383059
4094,SELENOM,ENSP00000383155
4095,PPP4R1,ENSP00000383401
4096,ZG16,ENSP00000383563
4097,KIAA1522,ENSP00000383851
4098,TFIP11,ENSP00000383892
4099,ATG4B,ENSP00000383964
4100,SMARCB1,ENSP00000383984
4101,SUN2,ENSP00000383992
4102,NCOR2,ENSP00000384018
4103,FBLN2,ENSP00000384169
4104,PSME4,ENSP00000384211
4105,WDR43,ENSP00000384302
4106,GDPD3,ENSP00000384363
4107,HYPK,ENSP00000384474
4108,XPO1,ENSP00000384863
4109,CYRIB,ENSP00000384880
4110,IFI30,ENSP00000384886
4111,ERLIN1,ENSP00000384900
4112,WIPI2,ENSP00000384945
4113,RPS7,ENSP00000385018
4114,AAK1,ENSP00000385181
4115,NUCB1,ENSP00000385211
4116,ELAVL1,ENSP00000385269
4117,VAV2,ENSP00000385362
4118,SAR1B,ENSP00000385432
4119,FABP6,ENSP00000385433
4120,INTS1,ENSP00000385722
4121,SMS,ENSP00000385746
4122,EFTUD2,ENSP00000385873
4123,RMDN1,ENSP00000385927
4124,LTBP1,ENSP00000386043
4125,POLD2,ENSP00000386105
4126,RAP1GDS1,ENSP00000386153
4127,PYM1,ENSP00000386156
4128,DAB2IP,ENSP00000386183
4129,ARHGAP25,ENSP00000386241
4130,FAM126A,ENSP00000386246
4131,ALAD,ENSP00000386284
4132,SPATS2L,ENSP00000386310
4133,DCTN1,ENSP00000386406
4134,SERPINE2,ENSP00000386412
4135,BZW1,ENSP00000386474
4136,CLEC16A,ENSP00000386495
4137,SMPD4,ENSP00000386531
4138,TBC1D10B,ENSP00000386538
4139,PSMD14,ENSP00000386541
4140,DYNC1I2,ENSP00000386591
4141,WDR81,ENSP00000386609
4142,ELOB,ENSP00000386652
4143,KCMF1,ENSP00000386738
4144,INPP4A,ENSP00000386777
4145,POTEF,ENSP00000386786
4146,ITGA6,ENSP00000386896
4147,UAP1L1,ENSP00000386935
4148,JPT1,ENSP00000387059
4149,HNRNPLL,ENSP00000387088
4150,TPRN,ENSP00000387100
4151,ALDH7A1,ENSP00000387123
4152,POTEJ,ENSP00000387176
4153,IMMT,ENSP00000387262
4154,RAB1A,ENSP00000387286
4155,PWP1,ENSP00000387365
4156,CIAO2B,ENSP00000387471
4157,IRGQ,ENSP00000387535
4158,PCYOX1,ENSP00000387654
4159,PAIP1,ENSP00000387729
4160,UBA52,ENSP00000388107
4161,TSTD1,ENSP00000388293
4162,SYPL1,ENSP00000388336
4163,CLINT1,ENSP00000388340
4164,NSUN5,ENSP00000388464
4165,SLC25A12,ENSP00000388658
4166,ICAM2,ENSP00000388666
4167,ITPRID2,ENSP00000388731
4168,ARPC1B,ENSP00000388802
4169,NAGK,ENSP00000389087
4170,RPL23A,ENSP00000389103
4171,RPP30,ENSP00000389182
4172,EIF4E,ENSP00000389624
4173,ACAD10,ENSP00000389813
4174,CD44,ENSP00000389830
4175,RBM26,ENSP00000390222
4176,SLC4A7,ENSP00000390394
4177,STK3,ENSP00000390500
4178,SCFD1,ENSP00000390783
4179,RDH13,ENSP00000391121
4180,SEPTIN9,ENSP00000391249
4181,MXRA7,ENSP00000391466
4182,TKT,ENSP00000391481
4183,AGR2,ENSP00000391490
4184,TRIM26,ENSP00000391879
4185,EEF1D,ENSP00000391944
4186,STRAP,ENSP00000392270
4187,POTEI,ENSP00000392718
4188,HSBP1,ENSP00000392896
4189,POLR2H,ENSP00000392913
4190,HTATIP2,ENSP00000392985
4191,DCAF1,ENSP00000393183
4192,RPS18,ENSP00000393241
4193,EPS15L1,ENSP00000393313
4194,TMX1,ENSP00000393316
4195,RPL35A,ENSP00000393393
4196,IFT27,ENSP00000393541
4197,HLA-DPA1,ENSP00000393566
4198,LRCH3,ENSP00000393579
4199,BIRC6,ENSP00000393596
4200,FCHO2,ENSP00000393776
4201,BLOC1S3,ENSP00000393840
4202,AHSG,ENSP00000393887
4203,NEBL,ENSP00000393896
4204,GDI1,ENSP00000394071
4205,PDHA1,ENSP00000394382
4206,ANAPC7,ENSP00000394394
4207,PRXL2B,ENSP00000394405
4208,TOM1,ENSP00000394466
4209,IFI35,ENSP00000394579
4210,ORM2,ENSP00000394936
4211,SYNPO2,ENSP00000395143
4212,EARS2,ENSP00000395196
4213,RECQL,ENSP00000395449
4214,MAN2B1,ENSP00000395473
4215,MECP2,ENSP00000395535
4216,TAPBP,ENSP00000395701
4217,SORBS2,ENSP00000396008
4218,IK,ENSP00000396301
4219,DHFR,ENSP00000396308
4220,EPB42,ENSP00000396616
4221,FTSJ3,ENSP00000396673
4222,C4A,ENSP00000396688
4223,TOP2B,ENSP00000396704
4224,FKBP11,ENSP00000396874
4225,SELENBP1,ENSP00000397261
4226,C19orf25,ENSP00000397394
4227,COG6,ENSP00000397441
4228,ACTL6A,ENSP00000397552
4229,TMA7,ENSP00000397843
4230,FAHD1,ENSP00000398053
4231,GSPT1,ENSP00000398131
4232,C11orf68,ENSP00000398350
4233,EXOSC6,ENSP00000398597
4234,NUB1,ENSP00000398644
4235,TSTA3,ENSP00000398803
4236,CDK12,ENSP00000398880
4237,SGCE,ENSP00000398930
4238,HLA-B,ENSP00000399168
4239,PNPO,ENSP00000399960
4240,ZDHHC13,ENSP00000400113
4241,RHOA,ENSP00000400175
4242,SNX27,ENSP00000400333
4243,LAMA2,ENSP00000400365
4244,SNRPE,ENSP00000400591
4245,PNPT1,ENSP00000400646
4246,GNA13,ENSP00000400717
4247,SUMO2,ENSP00000400886
4248,SUMF2,ENSP00000400922
4249,VPS53,ENSP00000401435
4250,NAPRT,ENSP00000401508
4251,ISOC2,ENSP00000401726
4252,ECHDC1,ENSP00000401751
4253,PSMC6,ENSP00000401802
4254,IDI1,ENSP00000401879
4255,TNRC6B,ENSP00000401946
4256,MAVS,ENSP00000401980
4257,RPF2,ENSP00000402338
4258,COPG2,ENSP00000402346
4259,OTUB1,ENSP00000402551
4260,NACA,ENSP00000403817
4261,TMED4,ENSP00000404042
4262,CEP170B,ENSP00000404151
4263,PGGT1B,ENSP00000404676
4264,RANBP3,ENSP00000404837
4265,LRRFIP2,ENSP00000405480
4266,ITGB4,ENSP00000405536
4267,TBL1XR1,ENSP00000405574
4268,NOL7,ENSP00000405674
4269,POLD1,ENSP00000406046
4270,FAT1,ENSP00000406229
4271,TCEA3,ENSP00000406293
4272,DNAJC7,ENSP00000406463
4273,HPF1,ENSP00000406598
4274,RAP1GDS1,ENSP00000407157
4275,ESRP1,ENSP00000407349
4276,GPX1,ENSP00000407375
4277,MAPRE2,ENSP00000407723
4278,MYH14,ENSP00000407879
4279,SLC9A3R2,ENSP00000408005
4280,HLA-DPB1,ENSP00000408146
4281,RFC5,ENSP00000408295
4282,IMPA1,ENSP00000408526
4283,PRKCA,ENSP00000408695
4284,CCDC124,ENSP00000408730
4285,CALU,ENSP00000408838
4286,VPS52,ENSP00000409952
4287,CASP1,ENSP00000410076
4288,NEDD4,ENSP00000410613
4289,CNBP,ENSP00000410619
4290,LSM5,ENSP00000410758
4291,GBE1,ENSP00000410833
4292,MOGS,ENSP00000410992
4293,DNTTIP2,ENSP00000411010
4294,ABCF3,ENSP00000411471
4295,TOP2A,ENSP00000411532
4296,DBNL,ENSP00000411701
4297,MPST,ENSP00000411719
4298,PDCD6IP,ENSP00000411825
4299,MRVI1,ENSP00000412130
4300,GSKIP,ENSP00000412315
4301,RMND1,ENSP00000412708
4302,NAXD,ENSP00000413191
4303,AP2A2,ENSP00000413234
4304,HID1,ENSP00000413520
4305,NLE1,ENSP00000413572
4306,FMR1,ENSP00000413764
4307,LSM14A,ENSP00000413964
4308,PPP6R1,ENSP00000414202
4309,ACTN1,ENSP00000414272
4310,PRPSAP1,ENSP00000414624
4311,NBEAL2,ENSP00000415034
4312,ITIH3,ENSP00000415769
4313,C4B,ENSP00000415941
4314,MICAL3,ENSP00000416015
4315,GOLGA2,ENSP00000416097
4316,EIF2B1,ENSP00000416250
4317,SLC2A1,ENSP00000416293
4318,TGFBI,ENSP00000416330
4319,DERA,ENSP00000416583
4320,ACTBL2,ENSP00000416706
4321,OARD1,ENSP00000416829
4322,DCTN4,ENSP00000416968
4323,VAPB,ENSP00000417175
4324,VWA1,ENSP00000417185
4325,ATPAF2,ENSP00000417190
4326,EIF2A,ENSP00000417229
4327,GOLIM4,ENSP00000417354
4328,RRP1,ENSP00000417464
4329,CLASP2,ENSP00000417518
4330,YIPF6,ENSP00000417573
4331,IAH1,ENSP00000417580
4332,DDI2,ENSP00000417748
4333,NAA10,ENSP00000417763
4334,ALG2,ENSP00000417764
4335,ANP32A,ENSP00000417864
4336,PPP2R5D,ENSP00000417963
4337,RPL37A,ENSP00000418082
4338,PARP14,ENSP00000418194
4339,COL6A3,ENSP00000418285
4340,CIAO1,ENSP00000418287
4341,CMC1,ENSP00000418348
4342,SRPRB,ENSP00000418401
4343,NDUFA3,ENSP00000418438
4344,U2SURP,ENSP00000418563
4345,NCEH1,ENSP00000418571
4346,IGKV3-20,ENSP00000418649
4347,PTRH1,ENSP00000418661
4348,SEPHS2,ENSP00000418669
4349,ESRP2,ENSP00000418748
4350,LYRM4,ENSP00000418787
4351,TIMMDC1,ENSP00000418803
4352,FTO,ENSP00000418823
4353,NDUFA6,ENSP00000418842
4354,LSAMP,ENSP00000419000
4355,PARP9,ENSP00000419001
4356,GFM1,ENSP00000419038
4357,CALML4,ENSP00000419081
4358,ALCAM,ENSP00000419236
4359,ADAM9,ENSP00000419446
4360,EIF1,ENSP00000419449
4361,COMMD2,ENSP00000419475
4362,CDK5,ENSP00000419782
4363,GMPS,ENSP00000419851
4364,CDS2,ENSP00000419879
4365,POR,ENSP00000419970
4366,DBNL,ENSP00000419992
4367,RAB9A,ENSP00000420127
4368,FLNB,ENSP00000420213
4369,TFAM,ENSP00000420588
4370,TBC1D15,ENSP00000420678
4371,MRPS14,ENSP00000420714
4372,SNF8,ENSP00000421380
4373,PGM3,ENSP00000421565
4374,XPNPEP1,ENSP00000421566
4375,TMEM33,ENSP00000422473
4376,CAMK2D,ENSP00000422566
4377,RNASET2,ENSP00000422846
4378,OCIAD2,ENSP00000423014
4379,MTX3,ENSP00000423302
4380,NDUFA13,ENSP00000423673
4381,KIF2A,ENSP00000423772
4382,GPX8,ENSP00000423822
4383,PALLD,ENSP00000424016
4384,LAMTOR3,ENSP00000424183
4385,MRPS30,ENSP00000424328
4386,PLRG1,ENSP00000424417
4387,TMEM167A,ENSP00000424707
4388,PDE4D,ENSP00000424852
4389,SRP19,ENSP00000424870
4390,HSD17B4,ENSP00000424940
4391,ADH1C,ENSP00000426083
4392,DAB2,ENSP00000426245
4393,ETFDH,ENSP00000426638
4394,RACK1,ENSP00000426909
4395,PALLD,ENSP00000426947
4396,CDKN2AIP,ENSP00000427108
4397,SPCS3,ENSP00000427463
4398,KIF13B,ENSP00000427900
4399,ERLIN2,ENSP00000428112
4400,UBE2V2,ENSP00000428209
4401,TCEA1,ENSP00000428426
4402,SMIM12,ENSP00000428541
4403,LYN,ENSP00000428924
4404,NUDT16,ENSP00000429274
4405,DOCK2,ENSP00000429283
4406,ENY2,ENSP00000429713
4407,MATN2,ENSP00000429977
4408,LYRM2,ENSP00000430025
4409,EPHX2,ENSP00000430269
4410,HDAC2,ENSP00000430432
4411,PTDSS1,ENSP00000430548
4412,IKBKB,ENSP00000430684
4413,TFF3,ENSP00000430690
4414,IGLL5,ENSP00000431254
4415,EEF1D,ENSP00000431763
4416,EIF3F,ENSP00000431800
4417,FAU,ENSP00000431822
4418,TPT1,ENSP00000431872
4419,RIC8A,ENSP00000432008
4420,RDX,ENSP00000432112
4421,CHMP1B,ENSP00000432279
4422,BRK1,ENSP00000432472
4423,SAAL1,ENSP00000432487
4424,DPP3,ENSP00000432782
4425,MANF,ENSP00000432799
4426,MPZ,ENSP00000432943
4427,USP47,ENSP00000433146
4428,FAM118B,ENSP00000433343
4429,DDX6,ENSP00000433704
4430,RPS3,ENSP00000433821
4431,H2AX,ENSP00000434024
4432,MYO18A,ENSP00000434228
4433,PUF60,ENSP00000434359
4434,INTS4,ENSP00000434466
4435,PLEC,ENSP00000434583
4436,RNF170,ENSP00000434797
4437,BCLAF1,ENSP00000434826
4438,CLP1,ENSP00000434995
4439,RPS25,ENSP00000435096
4440,PAFAH1B2,ENSP00000435289
4441,TOR1AIP1,ENSP00000435365
4442,RPS13,ENSP00000435777
4443,EIF3M,ENSP00000436049
4444,PSMD13,ENSP00000436186
4445,C8orf82,ENSP00000436621
4446,MUC5B,ENSP00000436812
4447,DPF2,ENSP00000436901
4448,PPP2R1B,ENSP00000437193
4449,LIMS1,ENSP00000437912
4450,POSTN,ENSP00000437953
4451,TRMT112,ENSP00000438349
4452,PGAM5,ENSP00000438465
4453,CHERP,ENSP00000439856
4454,ATP2A2,ENSP00000440045
4455,RTN3,ENSP00000440874
4456,CLPB,ENSP00000441518
4457,ITGAM,ENSP00000441691
4458,HPR,ENSP00000441828
4459,PHB2,ENSP00000441875
4460,PCYT2,ENSP00000442050
4461,EPB41L3,ENSP00000442091
4462,MMAA,ENSP00000442284
4463,CAND1,ENSP00000442318
4464,PPFIBP1,ENSP00000443442
4465,ADK,ENSP00000443965
4466,SLC1A5,ENSP00000444408
4467,USO1,ENSP00000444850
4468,RABEP1,ENSP00000445408
4469,CLIP1,ENSP00000445531
4470,TIMM50,ENSP00000445806
4471,SLC39A11,ENSP00000445829
4472,MMAB,ENSP00000445920
4473,METTL26,ENSP00000445926
4474,IRAK4,ENSP00000446490
4475,ATXN2,ENSP00000446576
4476,MYL6,ENSP00000446714
4477,MYL6,ENSP00000446955
4478,RPL18,ENSP00000447001
4479,VPS29,ENSP00000447058
4480,DCTN2,ENSP00000447824
4481,HNRNPA1,ENSP00000448617
4482,PCBP2,ENSP00000448762
4483,PCBP2,ENSP00000448927
4484,DNM1L,ENSP00000450399
4485,ALDH6A1,ENSP00000450436
4486,TMPO,ENSP00000450627
4487,VTI1B,ENSP00000450731
4488,TMEM30B,ENSP00000450842
4489,PPP4R3A,ENSP00000450864
4490,ERH,ENSP00000451080
4491,UBE2J1,ENSP00000451261
4492,ITGA7,ENSP00000452120
4493,ETFA,ENSP00000452762
4494,GALK2,ENSP00000453129
4495,TLN2,ENSP00000453508
4496,SNX1,ENSP00000453785
4497,TPM1,ENSP00000453955
4498,TBL3,ENSP00000454836
4499,BOP1,ENSP00000455106
4500,MRC1,ENSP00000455897
4501,SPINT1,ENSP00000457076
4502,PECAM1,ENSP00000457421
4503,SLC25A24,ENSP00000457733
4504,ACTG1,ENSP00000458162
4505,MMP12,ENSP00000458585
4506,MYH11,ENSP00000458731
4507,NUP88,ENSP00000458954
4508,GTF2I,ENSP00000460070
4509,SPON1,ENSP00000460236
4510,PELP1,ENSP00000460300
4511,RSL1D1,ENSP00000460871
4512,OVCA2,ENSP00000461388
4513,MRPS21,ENSP00000461930
4514,RAB31,ENSP00000461945
4515,RPL26,ENSP00000462322
4516,ENGASE,ENSP00000462333
4517,TXNIP,ENSP00000462521
4518,RBM8A,ENSP00000463058
4519,ANP32E,ENSP00000463154
4520,SEC22B,ENSP00000463393
4521,ACP6,ENSP00000463574
4522,RER1,ENSP00000464222
4523,TIMM23,ENSP00000464522
4524,SMIM22,ENSP00000464737
4525,POLR2E,ENSP00000464739
4526,APOC1,ENSP00000465356
4527,TJP3,ENSP00000465419
4528,C19orf53,ENSP00000465432
4529,PRKCSH,ENSP00000465461
4530,KANK2,ENSP00000465650
4531,NFIC,ENSP00000465655
4532,PDCD5,ENSP00000466214
4533,RAD23A,ENSP00000467024
4534,RPS15,ENSP00000467466
4535,MAP2K6,ENSP00000468348
4536,RPS19,ENSP00000469228
4537,LSM4,ENSP00000469468
4538,DPP9,ENSP00000469603
4539,NOSIP,ENSP00000470034
4540,DTNA,ENSP00000470152
4541,EMG1,ENSP00000470560
4542,STAP2,ENSP00000471052
4543,IKBKG,ENSP00000471166
4544,GMFG,ENSP00000472249
4545,RPS28,ENSP00000472469
4546,VAV1,ENSP00000472929
4547,MCM3,ENSP00000472940
4548,SYNM,ENSP00000472953
4549,SNRNP70,ENSP00000472998
4550,RUVBL2,ENSP00000473172
4551,PTP4A2,ENSP00000473259
4552,SH3GLB1,ENSP00000473267
4553,DENND4C,ENSP00000473469
4554,YTHDF3,ENSP00000473496
4555,DNAJC3,ENSP00000473631
4556,TMEM120A,ENSP00000473983
4557,TAF15,ENSP00000474096
4558,NOLC1,ENSP00000475080
4559,CWC15,ENSP00000475615
4560,HEBP2,ENSP00000475750
4561,POLDIP2,ENSP00000475924
4562,DCP1A,ENSP00000476046
4563,WDR18,ENSP00000476117
4564,UQCC2,ENSP00000476140
4565,SIRT5,ENSP00000476228
4566,H3-2,ENSP00000476960
4567,DYNLL2,ENSP00000477310
4568,SCARF2,ENSP00000477564
4569,CPNE3,ENSP00000477590
4570,AATF,ENSP00000477848
4571,MARCKS,ENSP00000478061
4572,CPSF1,ENSP00000478145
4573,SRRT,ENSP00000478341
4574,ACACA,ENSP00000478547
4575,ZNF787,ENSP00000478557
4576,P3H3,ENSP00000478600
4577,PPP1R9B,ENSP00000478767
4578,CYFIP1,ENSP00000478779
4579,LPP,ENSP00000478901
4580,YAP1,ENSP00000478927
4581,DDX52,ENSP00000479504
4582,ARFRP1,ENSP00000479616
4583,PLCD3,ENSP00000479636
4584,RPS6KA5,ENSP00000479667
4585,HYOU1,ENSP00000480150
4586,NEK3,ENSP00000480328
4587,RCC1L,ENSP00000480364
4588,OPLAH,ENSP00000480476
4589,COPZ2,ENSP00000480707
4590,NOP16,ENSP00000480832
4591,SCAMP1,ENSP00000481022
4592,RPS10,ENSP00000481646
4593,PLEKHA2,ENSP00000482228
4594,DGAT1,ENSP00000482264
4595,AP2B1,ENSP00000482315
4596,PLCG2,ENSP00000482457
4597,PIP4K2B,ENSP00000482548
4598,DHRS11,ENSP00000482704
4599,DCAF7,ENSP00000483236
4600,WASF2,ENSP00000483313
4601,HDGFL2,ENSP00000483345
4602,SYNRG,ENSP00000483453
4603,NSA2,ENSP00000483484
4604,PSMB3,ENSP00000483688
4605,CISD3,ENSP00000483781
4606,BIN2,ENSP00000483983
4607,EPPK1,ENSP00000484472
4608,CTDP1,ENSP00000484525
4609,PPP1R2,ENSP00000484580
4610,B3GNT6,ENSP00000484640
4611,MUC13,ENSP00000485028
4612,HMCN2,ENSP00000485357
4613,ADSL,ENSP00000485525
4614,WASHC1,ENSP00000485627
4615,MUC5AC,ENSP00000485659
4616,EIF3L,ENSP00000485663
4617,PTP4A1,ENSP00000485687
4618,CRYBG1,ENSP00000488010
4619,ZCCHC8,ENSP00000488055
4620,BAG1,ENSP00000489189
4621,PHF14,ENSP00000489535
4622,ATP6AP2,ENSP00000489819
4623,IGHM,ENSP00000490253
4624,UBE3A,ENSP00000490258
4625,HNRNPU,ENSP00000491215
4626,IGHA2,ENSP00000493086
4627,IGHA1,ENSP00000493114
4628,IGHG2,ENSP00000493129
4629,PHGDH,ENSP00000493175
4630,IGHG4,ENSP00000493388
4631,SAMHD1,ENSP00000493536
4632,EFNB2,ENSP00000493716
4633,TCOF1,ENSP00000493815
4634,GSS,ENSP00000493903
4635,TPM4,ENSP00000494125
4636,ACTB,ENSP00000494269
4637,MTAP,ENSP00000494373
4638,HBD,ENSP00000494708
4639,LARS2,ENSP00000495093
4640,SRP72,ENSP00000495128
4641,SPTA1,ENSP00000495214
4642,AP3D1,ENSP00000495274
4643,TPM4,ENSP00000495347
4644,VPS45,ENSP00000495563
4645,POLR1C,ENSP00000496044
4646,PRKCB,ENSP00000496129
4647,RPL11,ENSP00000496250
4648,TRIOBP,ENSP00000496394
4649,AGK,ENSP00000496789
4650,MYO1C,ENSP00000496799
4651,ISG15,ENSP00000496832
4652,JAGN1,ENSP00000496942
4653,SH3BP1,ENSP00000497104
4654,EIF2B5,ENSP00000497160
4655,ITM2B,ENSP00000497221
4656,ENOSF1,ENSP00000497230
4657,CPOX,ENSP00000497326
4658,GAN,ENSP00000497351
4659,LRPAP1,ENSP00000497444
4660,DARS2,ENSP00000497569
4661,GCLC,ENSP00000497574
4662,EIF4A3,ENSP00000497641
4663,ALDOB,ENSP00000497731
4664,ATP8B1,ENSP00000497896
4665,BCL10,ENSP00000498104
4666,FGA,ENSP00000498441
4667,GREM1,ENSP00000498748
4668,DOCK9,ENSP00000498761
4669,RPS27,ENSP00000499044
4670,PREP,ENSP00000499089
4671,PDIA4,ENSP00000499129
4672,TSFM,ENSP00000499171
4673,SLMAP,ENSP00000499241
